scenario,conversation_id,bench_id,target_uuid,send_ts_ms,receive_ts_ms,latency_ms
single,USEQH100000000000010->USEQH100000000000012,warmup-single-1781604117-single-010-000,USEQH100000000000012,1781604120301,1781604120320,19
single,USEQH100000000000022->USEQH100000000000027,warmup-single-1781604117-single-017-000,USEQH100000000000027,1781604120302,1781604120320,18
single,USEQH100000000001185->USEQH100000000001193,warmup-single-1781604117-single-008-000,USEQH100000000001193,1781604120301,1781604120320,19
single,USEQH100000000000091->USEQH100000000000092,warmup-single-1781604117-single-051-000,USEQH100000000000092,1781604120303,1781604120320,17
single,USEQH100000000000005->USEQH100000000000008,warmup-single-1781604117-single-005-000,USEQH100000000000008,1781604120301,1781604120320,19
single,USEQH100000000000009->USEQH100000000000011,warmup-single-1781604117-single-009-000,USEQH100000000000011,1781604120301,1781604120320,19
single,USEQH100000000000001->USEQH100000000000002,warmup-single-1781604117-single-000-000,USEQH100000000000002,1781604120301,1781604120320,19
single,USEQH100000000000003->USEQH100000000000004,warmup-single-1781604117-single-002-000,USEQH100000000000004,1781604120301,1781604120320,19
single,USEQH100000000000075->USEQH100000000000076,warmup-single-1781604117-single-043-000,USEQH100000000000076,1781604120303,1781604120320,17
single,USEQH100000000000030->USEQH100000000000033,warmup-single-1781604117-single-022-000,USEQH100000000000033,1781604120302,1781604120320,18
single,USEQH100000000001181->USEQH100000000001191,warmup-single-1781604117-single-011-000,USEQH100000000001191,1781604120301,1781604120320,19
single,USEQH100000000000087->USEQH100000000000090,warmup-single-1781604117-single-050-000,USEQH100000000000090,1781604120303,1781604120320,17
single,USEQH100000000000085->USEQH100000000000089,warmup-single-1781604117-single-048-000,USEQH100000000000089,1781604120303,1781604120321,18
single,USEQH100000000000029->USEQH100000000000032,warmup-single-1781604117-single-021-000,USEQH100000000000032,1781604120302,1781604120321,19
single,USEQH100000000000152->USEQH100000000000153,warmup-single-1781604117-single-082-000,USEQH100000000000153,1781604120304,1781604120321,17
single,USEQH100000000001197->USEQH100000000001198,warmup-single-1781604117-single-003-000,USEQH100000000001198,1781604120301,1781604120321,20
single,USEQH100000000000134->USEQH100000000000135,warmup-single-1781604117-single-073-000,USEQH100000000000135,1781604120304,1781604120321,17
single,USEQH100000000000099->USEQH100000000000100,warmup-single-1781604117-single-055-000,USEQH100000000000100,1781604120303,1781604120321,18
single,USEQH100000000000105->USEQH100000000000112,warmup-single-1781604117-single-058-000,USEQH100000000000112,1781604120303,1781604120321,18
single,USEQH100000000000017->USEQH100000000000019,warmup-single-1781604117-single-014-000,USEQH100000000000019,1781604120301,1781604120321,20
single,USEQH100000000000108->USEQH100000000000109,warmup-single-1781604117-single-060-000,USEQH100000000000109,1781604120303,1781604120321,18
single,USEQH100000000000077->USEQH100000000000078,warmup-single-1781604117-single-044-000,USEQH100000000000078,1781604120303,1781604120321,18
single,USEQH100000000000147->USEQH100000000000154,warmup-single-1781604117-single-079-000,USEQH100000000000154,1781604120304,1781604120321,17
single,USEQH100000000000060->USEQH100000000000062,warmup-single-1781604117-single-036-000,USEQH100000000000062,1781604120302,1781604120321,19
single,USEQH100000000000006->USEQH100000000000007,warmup-single-1781604117-single-006-000,USEQH100000000000007,1781604120301,1781604120331,30
single,USEQH100000000000183->USEQH100000000000186,warmup-single-1781604117-single-097-000,USEQH100000000000186,1781604120305,1781604120331,26
single,USEQH100000000000136->USEQH100000000000138,warmup-single-1781604117-single-074-000,USEQH100000000000138,1781604120304,1781604120332,28
single,USEQH100000000000150->USEQH100000000000151,warmup-single-1781604117-single-081-000,USEQH100000000000151,1781604120304,1781604120332,28
single,USEQH100000000000165->USEQH100000000000166,warmup-single-1781604117-single-090-000,USEQH100000000000166,1781604120305,1781604120332,27
single,USEQH100000000001192->USEQH100000000001194,warmup-single-1781604117-single-007-000,USEQH100000000001194,1781604120301,1781604120332,31
single,USEQH100000000000175->USEQH100000000000176,warmup-single-1781604117-single-093-000,USEQH100000000000176,1781604120305,1781604120332,27
single,USEQH100000000000128->USEQH100000000000137,warmup-single-1781604117-single-069-000,USEQH100000000000137,1781604120304,1781604120333,29
single,USEQH100000000000155->USEQH100000000000156,warmup-single-1781604117-single-083-000,USEQH100000000000156,1781604120304,1781604120333,29
single,USEQH100000000000132->USEQH100000000000133,warmup-single-1781604117-single-072-000,USEQH100000000000133,1781604120304,1781604120333,29
single,USEQH100000000000068->USEQH100000000000072,warmup-single-1781604117-single-039-000,USEQH100000000000072,1781604120303,1781604120333,30
single,USEQH100000000000453->USEQH100000000000454,warmup-single-1781604117-single-232-000,USEQH100000000000454,1781604120311,1781604120333,22
single,USEQH100000000000293->USEQH100000000000294,warmup-single-1781604117-single-152-000,USEQH100000000000294,1781604120307,1781604120333,26
single,USEQH100000000000127->USEQH100000000000129,warmup-single-1781604117-single-070-000,USEQH100000000000129,1781604120304,1781604120333,29
single,USEQH100000000000486->USEQH100000000000489,warmup-single-1781604117-single-249-000,USEQH100000000000489,1781604120311,1781604120333,22
single,USEQH100000000000065->USEQH100000000000066,warmup-single-1781604117-single-040-000,USEQH100000000000066,1781604120303,1781604120333,30
single,USEQH100000000000025->USEQH100000000000035,warmup-single-1781604117-single-019-000,USEQH100000000000035,1781604120302,1781604120333,31
single,USEQH100000000000024->USEQH100000000000031,warmup-single-1781604117-single-018-000,USEQH100000000000031,1781604120302,1781604120333,31
single,USEQH100000000000013->USEQH100000000000014,warmup-single-1781604117-single-012-000,USEQH100000000000014,1781604120301,1781604120333,32
single,USEQH100000000000015->USEQH100000000000016,warmup-single-1781604117-single-013-000,USEQH100000000000016,1781604120301,1781604120333,32
single,USEQH100000000000053->USEQH100000000000058,warmup-single-1781604117-single-033-000,USEQH100000000000058,1781604120302,1781604120334,32
single,USEQH100000000001199->USEQH100000000001200,warmup-single-1781604117-single-001-000,USEQH100000000001200,1781604120301,1781604120334,33
single,USEQH100000000000037->USEQH100000000000038,warmup-single-1781604117-single-024-000,USEQH100000000000038,1781604120302,1781604120334,32
single,USEQH100000000000217->USEQH100000000000218,warmup-single-1781604117-single-114-000,USEQH100000000000218,1781604120306,1781604120335,29
single,USEQH100000000000093->USEQH100000000000094,warmup-single-1781604117-single-052-000,USEQH100000000000094,1781604120303,1781604120335,32
single,USEQH100000000000055->USEQH100000000000061,warmup-single-1781604117-single-034-000,USEQH100000000000061,1781604120302,1781604120335,33
single,USEQH100000000000110->USEQH100000000000113,warmup-single-1781604117-single-061-000,USEQH100000000000113,1781604120303,1781604120335,32
single,USEQH100000000000170->USEQH100000000000171,warmup-single-1781604117-single-091-000,USEQH100000000000171,1781604120305,1781604120335,30
single,USEQH100000000000082->USEQH100000000000083,warmup-single-1781604117-single-047-000,USEQH100000000000083,1781604120303,1781604120335,32
single,USEQH100000000000073->USEQH100000000000074,warmup-single-1781604117-single-042-000,USEQH100000000000074,1781604120303,1781604120335,32
single,USEQH100000000000179->USEQH100000000000180,warmup-single-1781604117-single-095-000,USEQH100000000000180,1781604120305,1781604120335,30
single,USEQH100000000000443->USEQH100000000000448,warmup-single-1781604117-single-228-000,USEQH100000000000448,1781604120310,1781604120335,25
single,USEQH100000000000433->USEQH100000000000434,warmup-single-1781604117-single-222-000,USEQH100000000000434,1781604120310,1781604120335,25
single,USEQH100000000000190->USEQH100000000000194,warmup-single-1781604117-single-102-000,USEQH100000000000194,1781604120305,1781604120335,30
single,USEQH100000000000021->USEQH100000000000023,warmup-single-1781604117-single-016-000,USEQH100000000000023,1781604120302,1781604120335,33
single,USEQH100000000000455->USEQH100000000000456,warmup-single-1781604117-single-233-000,USEQH100000000000456,1781604120311,1781604120335,24
single,USEQH100000000000095->USEQH100000000000096,warmup-single-1781604117-single-053-000,USEQH100000000000096,1781604120303,1781604120335,32
single,USEQH100000000000057->USEQH100000000000059,warmup-single-1781604117-single-035-000,USEQH100000000000059,1781604120302,1781604120336,34
single,USEQH100000000000130->USEQH100000000000131,warmup-single-1781604117-single-071-000,USEQH100000000000131,1781604120304,1781604120336,32
single,USEQH100000000000215->USEQH100000000000216,warmup-single-1781604117-single-113-000,USEQH100000000000216,1781604120306,1781604120336,30
single,USEQH100000000000043->USEQH100000000000044,warmup-single-1781604117-single-027-000,USEQH100000000000044,1781604120302,1781604120336,34
single,USEQH100000000000286->USEQH100000000000288,warmup-single-1781604117-single-149-000,USEQH100000000000288,1781604120307,1781604120336,29
single,USEQH100000000000367->USEQH100000000000370,warmup-single-1781604117-single-190-000,USEQH100000000000370,1781604120308,1781604120336,28
single,USEQH100000000000034->USEQH100000000000036,warmup-single-1781604117-single-023-000,USEQH100000000000036,1781604120302,1781604120336,34
single,USEQH100000000000185->USEQH100000000000191,warmup-single-1781604117-single-099-000,USEQH100000000000191,1781604120305,1781604120336,31
single,USEQH100000000000301->USEQH100000000000303,warmup-single-1781604117-single-156-000,USEQH100000000000303,1781604120307,1781604120336,29
single,USEQH100000000000047->USEQH100000000000048,warmup-single-1781604117-single-030-000,USEQH100000000000048,1781604120302,1781604120336,34
single,USEQH100000000000420->USEQH100000000000422,warmup-single-1781604117-single-216-000,USEQH100000000000422,1781604120310,1781604120336,26
single,USEQH100000000000199->USEQH100000000000202,warmup-single-1781604117-single-105-000,USEQH100000000000202,1781604120305,1781604120336,31
single,USEQH100000000000069->USEQH100000000000071,warmup-single-1781604117-single-041-000,USEQH100000000000071,1781604120303,1781604120336,33
single,USEQH100000000000063->USEQH100000000000067,warmup-single-1781604117-single-037-000,USEQH100000000000067,1781604120302,1781604120336,34
single,USEQH100000000000189->USEQH100000000000192,warmup-single-1781604117-single-101-000,USEQH100000000000192,1781604120305,1781604120337,32
single,USEQH100000000000395->USEQH100000000000396,warmup-single-1781604117-single-203-000,USEQH100000000000396,1781604120309,1781604120337,28
single,USEQH100000000000181->USEQH100000000000182,warmup-single-1781604117-single-096-000,USEQH100000000000182,1781604120305,1781604120337,32
single,USEQH100000000000140->USEQH100000000000144,warmup-single-1781604117-single-076-000,USEQH100000000000144,1781604120304,1781604120358,54
single,USEQH100000000000141->USEQH100000000000142,warmup-single-1781604117-single-077-000,USEQH100000000000142,1781604120304,1781604120358,54
single,USEQH100000000000064->USEQH100000000000070,warmup-single-1781604117-single-038-000,USEQH100000000000070,1781604120303,1781604120358,55
single,USEQH100000000001195->USEQH100000000001196,warmup-single-1781604117-single-004-000,USEQH100000000001196,1781604120301,1781604120358,57
single,USEQH100000000000431->USEQH100000000000432,warmup-single-1781604117-single-221-000,USEQH100000000000432,1781604120310,1781604120359,49
single,USEQH100000000000117->USEQH100000000000118,warmup-single-1781604117-single-064-000,USEQH100000000000118,1781604120304,1781604120359,55
single,USEQH100000000000086->USEQH100000000000088,warmup-single-1781604117-single-049-000,USEQH100000000000088,1781604120303,1781604120359,56
single,USEQH100000000000111->USEQH100000000000114,warmup-single-1781604117-single-062-000,USEQH100000000000114,1781604120304,1781604120359,55
single,USEQH100000000000352->USEQH100000000000353,warmup-single-1781604117-single-182-000,USEQH100000000000353,1781604120308,1781604120359,51
single,USEQH100000000000122->USEQH100000000000123,warmup-single-1781604117-single-067-000,USEQH100000000000123,1781604120304,1781604120359,55
single,USEQH100000000000079->USEQH100000000000081,warmup-single-1781604117-single-045-000,USEQH100000000000081,1781604120303,1781604120359,56
single,USEQH100000000000549->USEQH100000000000552,warmup-single-1781604117-single-281-000,USEQH100000000000552,1781604120313,1781604120359,46
single,USEQH100000000000423->USEQH100000000000426,warmup-single-1781604117-single-217-000,USEQH100000000000426,1781604120310,1781604120360,50
single,USEQH100000000000485->USEQH100000000000487,warmup-single-1781604117-single-248-000,USEQH100000000000487,1781604120311,1781604120360,49
single,USEQH100000000000239->USEQH100000000000242,warmup-single-1781604117-single-125-000,USEQH100000000000242,1781604120306,1781604120360,54
single,USEQH100000000000041->USEQH100000000000042,warmup-single-1781604117-single-026-000,USEQH100000000000042,1781604120302,1781604120360,58
single,USEQH100000000000522->USEQH100000000000528,warmup-single-1781604117-single-267-000,USEQH100000000000528,1781604120312,1781604120360,48
single,USEQH100000000000120->USEQH100000000000125,warmup-single-1781604117-single-066-000,USEQH100000000000125,1781604120304,1781604120360,56
single,USEQH100000000000535->USEQH100000000000536,warmup-single-1781604117-single-273-000,USEQH100000000000536,1781604120312,1781604120360,48
single,USEQH100000000000159->USEQH100000000000161,warmup-single-1781604117-single-085-000,USEQH100000000000161,1781604120305,1781604120360,55
single,USEQH100000000000106->USEQH100000000000107,warmup-single-1781604117-single-059-000,USEQH100000000000107,1781604120303,1781604120360,57
single,USEQH100000000000201->USEQH100000000000207,warmup-single-1781604117-single-107-000,USEQH100000000000207,1781604120306,1781604120360,54
single,USEQH100000000000052->USEQH100000000000054,warmup-single-1781604117-single-032-000,USEQH100000000000054,1781604120302,1781604120361,59
single,USEQH100000000000505->USEQH100000000000508,warmup-single-1781604117-single-258-000,USEQH100000000000508,1781604120312,1781604120361,49
single,USEQH100000000000462->USEQH100000000000468,warmup-single-1781604117-single-237-000,USEQH100000000000468,1781604120311,1781604120361,50
single,USEQH100000000000257->USEQH100000000000258,warmup-single-1781604117-single-134-000,USEQH100000000000258,1781604120307,1781604120361,54
single,USEQH100000000000101->USEQH100000000000102,warmup-single-1781604117-single-056-000,USEQH100000000000102,1781604120303,1781604120361,58
single,USEQH100000000000213->USEQH100000000000214,warmup-single-1781604117-single-112-000,USEQH100000000000214,1781604120306,1781604120361,55
single,USEQH100000000000046->USEQH100000000000056,warmup-single-1781604117-single-029-000,USEQH100000000000056,1781604120302,1781604120361,59
single,USEQH100000000000026->USEQH100000000000028,warmup-single-1781604117-single-020-000,USEQH100000000000028,1781604120302,1781604120361,59
single,USEQH100000000000427->USEQH100000000000428,warmup-single-1781604117-single-220-000,USEQH100000000000428,1781604120310,1781604120361,51
single,USEQH100000000000233->USEQH100000000000234,warmup-single-1781604117-single-122-000,USEQH100000000000234,1781604120306,1781604120361,55
single,USEQH100000000000580->USEQH100000000000582,warmup-single-1781604117-single-296-000,USEQH100000000000582,1781604120313,1781604120361,48
single,USEQH100000000000579->USEQH100000000000583,warmup-single-1781604117-single-295-000,USEQH100000000000583,1781604120313,1781604120361,48
single,USEQH100000000000168->USEQH100000000000169,warmup-single-1781604117-single-089-000,USEQH100000000000169,1781604120305,1781604120361,56
single,USEQH100000000000145->USEQH100000000000148,warmup-single-1781604117-single-078-000,USEQH100000000000148,1781604120304,1781604120362,58
single,USEQH100000000000389->USEQH100000000000392,warmup-single-1781604117-single-201-000,USEQH100000000000392,1781604120309,1781604120362,53
single,USEQH100000000000521->USEQH100000000000525,warmup-single-1781604117-single-266-000,USEQH100000000000525,1781604120312,1781604120363,51
single,USEQH100000000000139->USEQH100000000000143,warmup-single-1781604117-single-075-000,USEQH100000000000143,1781604120304,1781604120363,59
single,USEQH100000000000250->USEQH100000000000251,warmup-single-1781604117-single-131-000,USEQH100000000000251,1781604120306,1781604120363,57
single,USEQH100000000000252->USEQH100000000000256,warmup-single-1781604117-single-132-000,USEQH100000000000256,1781604120306,1781604120363,57
single,USEQH100000000000356->USEQH100000000000361,warmup-single-1781604117-single-185-000,USEQH100000000000361,1781604120308,1781604120363,55
single,USEQH100000000000223->USEQH100000000000227,warmup-single-1781604117-single-117-000,USEQH100000000000227,1781604120306,1781604120363,57
single,USEQH100000000000333->USEQH100000000000334,warmup-single-1781604117-single-172-000,USEQH100000000000334,1781604120308,1781604120363,55
single,USEQH100000000000247->USEQH100000000000254,warmup-single-1781604117-single-129-000,USEQH100000000000254,1781604120306,1781604120363,57
single,USEQH100000000000266->USEQH100000000000267,warmup-single-1781604117-single-139-000,USEQH100000000000267,1781604120307,1781604120363,56
single,USEQH100000000000447->USEQH100000000000452,warmup-single-1781604117-single-229-000,USEQH100000000000452,1781604120311,1781604120363,52
single,USEQH100000000000312->USEQH100000000000314,warmup-single-1781604117-single-162-000,USEQH100000000000314,1781604120308,1781604120363,55
single,USEQH100000000000157->USEQH100000000000158,warmup-single-1781604117-single-084-000,USEQH100000000000158,1781604120305,1781604120363,58
single,USEQH100000000000279->USEQH100000000000281,warmup-single-1781604117-single-145-000,USEQH100000000000281,1781604120307,1781604120363,56
single,USEQH100000000000302->USEQH100000000000306,warmup-single-1781604117-single-157-000,USEQH100000000000306,1781604120307,1781604120363,56
single,USEQH100000000000401->USEQH100000000000407,warmup-single-1781604117-single-207-000,USEQH100000000000407,1781604120309,1781604120363,54
single,USEQH100000000000018->USEQH100000000000020,warmup-single-1781604117-single-015-000,USEQH100000000000020,1781604120301,1781604120363,62
single,USEQH100000000000039->USEQH100000000000040,warmup-single-1781604117-single-025-000,USEQH100000000000040,1781604120302,1781604120363,61
single,USEQH100000000000050->USEQH100000000000051,warmup-single-1781604117-single-031-000,USEQH100000000000051,1781604120302,1781604120363,61
single,USEQH100000000000354->USEQH100000000000358,warmup-single-1781604117-single-183-000,USEQH100000000000358,1781604120308,1781604120363,55
single,USEQH100000000000539->USEQH100000000000540,warmup-single-1781604117-single-275-000,USEQH100000000000540,1781604120312,1781604120363,51
single,USEQH100000000000425->USEQH100000000000429,warmup-single-1781604117-single-219-000,USEQH100000000000429,1781604120310,1781604120363,53
single,USEQH100000000000403->USEQH100000000000411,warmup-single-1781604117-single-208-000,USEQH100000000000411,1781604120310,1781604120363,53
single,USEQH100000000000177->USEQH100000000000178,warmup-single-1781604117-single-094-000,USEQH100000000000178,1781604120305,1781604120363,58
single,USEQH100000000000305->USEQH100000000000313,warmup-single-1781604117-single-159-000,USEQH100000000000313,1781604120307,1781604120363,56
single,USEQH100000000000475->USEQH100000000000478,warmup-single-1781604117-single-243-000,USEQH100000000000478,1781604120311,1781604120363,52
single,USEQH100000000000297->USEQH100000000000298,warmup-single-1781604117-single-154-000,USEQH100000000000298,1781604120307,1781604120363,56
single,USEQH100000000000195->USEQH100000000000196,warmup-single-1781604117-single-103-000,USEQH100000000000196,1781604120305,1781604120363,58
single,USEQH100000000000344->USEQH100000000000348,warmup-single-1781604117-single-180-000,USEQH100000000000348,1781604120308,1781604120363,55
single,USEQH100000000000480->USEQH100000000000484,warmup-single-1781604117-single-246-000,USEQH100000000000484,1781604120311,1781604120363,52
single,USEQH100000000000219->USEQH100000000000220,warmup-single-1781604117-single-115-000,USEQH100000000000220,1781604120306,1781604120363,57
single,USEQH100000000000565->USEQH100000000000567,warmup-single-1781604117-single-289-000,USEQH100000000000567,1781604120313,1781604120363,50
single,USEQH100000000000511->USEQH100000000000512,warmup-single-1781604117-single-261-000,USEQH100000000000512,1781604120312,1781604120363,51
single,USEQH100000000000400->USEQH100000000000404,warmup-single-1781604117-single-206-000,USEQH100000000000404,1781604120309,1781604120363,54
single,USEQH100000000000493->USEQH100000000000494,warmup-single-1781604117-single-252-000,USEQH100000000000494,1781604120311,1781604120363,52
single,USEQH100000000000359->USEQH100000000000363,warmup-single-1781604117-single-186-000,USEQH100000000000363,1781604120308,1781604120363,55
single,USEQH100000000000271->USEQH100000000000272,warmup-single-1781604117-single-141-000,USEQH100000000000272,1781604120307,1781604120363,56
single,USEQH100000000000362->USEQH100000000000368,warmup-single-1781604117-single-187-000,USEQH100000000000368,1781604120308,1781604120363,55
single,USEQH100000000000541->USEQH100000000000544,warmup-single-1781604117-single-276-000,USEQH100000000000544,1781604120313,1781604120363,50
single,USEQH100000000000364->USEQH100000000000365,warmup-single-1781604117-single-188-000,USEQH100000000000365,1781604120308,1781604120363,55
single,USEQH100000000000203->USEQH100000000000210,warmup-single-1781604117-single-108-000,USEQH100000000000210,1781604120306,1781604120363,57
single,USEQH100000000000497->USEQH100000000000498,warmup-single-1781604117-single-254-000,USEQH100000000000498,1781604120311,1781604120363,52
single,USEQH100000000000184->USEQH100000000000193,warmup-single-1781604117-single-098-000,USEQH100000000000193,1781604120305,1781604120363,58
single,USEQH100000000000276->USEQH100000000000277,warmup-single-1781604117-single-144-000,USEQH100000000000277,1781604120307,1781604120363,56
single,USEQH100000000000371->USEQH100000000000372,warmup-single-1781604117-single-191-000,USEQH100000000000372,1781604120309,1781604120363,54
single,USEQH100000000000585->USEQH100000000000588,warmup-single-1781604117-single-298-000,USEQH100000000000588,1781604120313,1781604120364,51
single,USEQH100000000000172->USEQH100000000000174,warmup-single-1781604117-single-092-000,USEQH100000000000174,1781604120305,1781604120364,59
single,USEQH100000000000373->USEQH100000000000374,warmup-single-1781604117-single-192-000,USEQH100000000000374,1781604120309,1781604120364,55
single,USEQH100000000000473->USEQH100000000000474,warmup-single-1781604117-single-242-000,USEQH100000000000474,1781604120311,1781604120364,53
single,USEQH100000000000221->USEQH100000000000222,warmup-single-1781604117-single-116-000,USEQH100000000000222,1781604120306,1781604120365,59
single,USEQH100000000000465->USEQH100000000000467,warmup-single-1781604117-single-240-000,USEQH100000000000467,1781604120311,1781604120365,54
single,USEQH100000000000500->USEQH100000000000502,warmup-single-1781604117-single-256-000,USEQH100000000000502,1781604120311,1781604120365,54
single,USEQH100000000000103->USEQH100000000000104,warmup-single-1781604117-single-057-000,USEQH100000000000104,1781604120303,1781604120365,62
single,USEQH100000000000204->USEQH100000000000211,warmup-single-1781604117-single-109-000,USEQH100000000000211,1781604120306,1781604120365,59
single,USEQH100000000000323->USEQH100000000000325,warmup-single-1781604117-single-168-000,USEQH100000000000325,1781604120308,1781604120365,57
single,USEQH100000000000386->USEQH100000000000387,warmup-single-1781604117-single-200-000,USEQH100000000000387,1781604120309,1781604120365,56
single,USEQH100000000000503->USEQH100000000000504,warmup-single-1781604117-single-257-000,USEQH100000000000504,1781604120311,1781604120365,54
single,USEQH100000000000482->USEQH100000000000483,warmup-single-1781604117-single-247-000,USEQH100000000000483,1781604120311,1781604120365,54
single,USEQH100000000000322->USEQH100000000000324,warmup-single-1781604117-single-167-000,USEQH100000000000324,1781604120308,1781604120365,57
single,USEQH100000000000045->USEQH100000000000049,warmup-single-1781604117-single-028-000,USEQH100000000000049,1781604120302,1781604120365,63
single,USEQH100000000000406->USEQH100000000000410,warmup-single-1781604117-single-209-000,USEQH100000000000410,1781604120310,1781604120365,55
single,USEQH100000000000466->USEQH100000000000469,warmup-single-1781604117-single-239-000,USEQH100000000000469,1781604120311,1781604120365,54
single,USEQH100000000000491->USEQH100000000000492,warmup-single-1781604117-single-251-000,USEQH100000000000492,1781604120311,1781604120365,54
single,USEQH100000000000439->USEQH100000000000442,warmup-single-1781604117-single-225-000,USEQH100000000000442,1781604120310,1781604120365,55
single,USEQH100000000000342->USEQH100000000000346,warmup-single-1781604117-single-177-000,USEQH100000000000346,1781604120308,1781604120365,57
single,USEQH100000000000146->USEQH100000000000149,warmup-single-1781604117-single-080-000,USEQH100000000000149,1781604120304,1781604120365,61
single,USEQH100000000000225->USEQH100000000000231,warmup-single-1781604117-single-119-000,USEQH100000000000231,1781604120306,1781604120365,59
single,USEQH100000000000566->USEQH100000000000568,warmup-single-1781604117-single-290-000,USEQH100000000000568,1781604120313,1781604120365,52
single,USEQH100000000000124->USEQH100000000000126,warmup-single-1781604117-single-068-000,USEQH100000000000126,1781604120304,1781604120365,61
single,USEQH100000000000119->USEQH100000000000121,warmup-single-1781604117-single-065-000,USEQH100000000000121,1781604120304,1781604120365,61
single,USEQH100000000000163->USEQH100000000000167,warmup-single-1781604117-single-087-000,USEQH100000000000167,1781604120305,1781604120365,60
single,USEQH100000000000581->USEQH100000000000584,warmup-single-1781604117-single-297-000,USEQH100000000000584,1781604120313,1781604120381,68
single,USEQH100000000000205->USEQH100000000000208,warmup-single-1781604117-single-110-000,USEQH100000000000208,1781604120306,1781604120381,75
single,USEQH100000000000339->USEQH100000000000341,warmup-single-1781604117-single-175-000,USEQH100000000000341,1781604120308,1781604120381,73
single,USEQH100000000000307->USEQH100000000000308,warmup-single-1781604117-single-160-000,USEQH100000000000308,1781604120307,1781604120381,74
single,USEQH100000000000349->USEQH100000000000357,warmup-single-1781604117-single-179-000,USEQH100000000000357,1781604120308,1781604120381,73
single,USEQH100000000000335->USEQH100000000000336,warmup-single-1781604117-single-173-000,USEQH100000000000336,1781604120308,1781604120381,73
single,USEQH100000000000273->USEQH100000000000274,warmup-single-1781604117-single-142-000,USEQH100000000000274,1781604120307,1781604120381,74
single,USEQH100000000000319->USEQH100000000000321,warmup-single-1781604117-single-165-000,USEQH100000000000321,1781604120308,1781604120381,73
single,USEQH100000000000209->USEQH100000000000212,warmup-single-1781604117-single-111-000,USEQH100000000000212,1781604120306,1781604120382,76
single,USEQH100000000000513->USEQH100000000000514,warmup-single-1781604117-single-262-000,USEQH100000000000514,1781604120312,1781604120382,70
single,USEQH100000000000519->USEQH100000000000520,warmup-single-1781604117-single-265-000,USEQH100000000000520,1781604120312,1781604120382,70
single,USEQH100000000000533->USEQH100000000000534,warmup-single-1781604117-single-272-000,USEQH100000000000534,1781604120312,1781604120382,70
single,USEQH100000000000409->USEQH100000000000412,warmup-single-1781604117-single-211-000,USEQH100000000000412,1781604120310,1781604120382,72
single,USEQH100000000000554->USEQH100000000000558,warmup-single-1781604117-single-283-000,USEQH100000000000558,1781604120313,1781604120382,69
single,USEQH100000000000555->USEQH100000000000561,warmup-single-1781604117-single-284-000,USEQH100000000000561,1781604120313,1781604120382,69
single,USEQH100000000000546->USEQH100000000000550,warmup-single-1781604117-single-279-000,USEQH100000000000550,1781604120313,1781604120382,69
single,USEQH100000000000470->USEQH100000000000472,warmup-single-1781604117-single-241-000,USEQH100000000000472,1781604120311,1781604120382,71
single,USEQH100000000000507->USEQH100000000000510,warmup-single-1781604117-single-260-000,USEQH100000000000510,1781604120312,1781604120382,70
single,USEQH100000000000320->USEQH100000000000326,warmup-single-1781604117-single-166-000,USEQH100000000000326,1781604120308,1781604120382,74
single,USEQH100000000000450->USEQH100000000000451,warmup-single-1781604117-single-231-000,USEQH100000000000451,1781604120311,1781604120382,71
single,USEQH100000000000499->USEQH100000000000501,warmup-single-1781604117-single-255-000,USEQH100000000000501,1781604120311,1781604120382,71
single,USEQH100000000000418->USEQH100000000000421,warmup-single-1781604117-single-215-000,USEQH100000000000421,1781604120310,1781604120382,72
single,USEQH100000000000164->USEQH100000000000173,warmup-single-1781604117-single-088-000,USEQH100000000000173,1781604120305,1781604120382,77
single,USEQH100000000000197->USEQH100000000000198,warmup-single-1781604117-single-104-000,USEQH100000000000198,1781604120305,1781604120382,77
single,USEQH100000000000393->USEQH100000000000394,warmup-single-1781604117-single-202-000,USEQH100000000000394,1781604120309,1781604120382,73
single,USEQH100000000000097->USEQH100000000000098,warmup-single-1781604117-single-054-000,USEQH100000000000098,1781604120303,1781604120382,79
single,USEQH100000000000226->USEQH100000000000228,warmup-single-1781604117-single-120-000,USEQH100000000000228,1781604120306,1781604120382,76
single,USEQH100000000000299->USEQH100000000000300,warmup-single-1781604117-single-155-000,USEQH100000000000300,1781604120307,1781604120382,75
single,USEQH100000000000287->USEQH100000000000289,warmup-single-1781604117-single-150-000,USEQH100000000000289,1781604120307,1781604120382,75
single,USEQH100000000000440->USEQH100000000000444,warmup-single-1781604117-single-226-000,USEQH100000000000444,1781604120310,1781604120382,72
single,USEQH100000000000160->USEQH100000000000162,warmup-single-1781604117-single-086-000,USEQH100000000000162,1781604120305,1781604120382,77
single,USEQH100000000000350->USEQH100000000000351,warmup-single-1781604117-single-181-000,USEQH100000000000351,1781604120308,1781604120382,74
single,USEQH100000000000378->USEQH100000000000380,warmup-single-1781604117-single-195-000,USEQH100000000000380,1781604120309,1781604120382,73
single,USEQH100000000000115->USEQH100000000000116,warmup-single-1781604117-single-063-000,USEQH100000000000116,1781604120304,1781604120382,78
single,USEQH100000000000229->USEQH100000000000232,warmup-single-1781604117-single-121-000,USEQH100000000000232,1781604120306,1781604120382,76
single,USEQH100000000000275->USEQH100000000000278,warmup-single-1781604117-single-143-000,USEQH100000000000278,1781604120307,1781604120382,75
single,USEQH100000000000236->USEQH100000000000238,warmup-single-1781604117-single-124-000,USEQH100000000000238,1781604120306,1781604120382,76
single,USEQH100000000000317->USEQH100000000000318,warmup-single-1781604117-single-164-000,USEQH100000000000318,1781604120308,1781604120382,74
single,USEQH100000000000436->USEQH100000000000438,warmup-single-1781604117-single-224-000,USEQH100000000000438,1781604120310,1781604120382,72
single,USEQH100000000000340->USEQH100000000000343,warmup-single-1781604117-single-176-000,USEQH100000000000343,1781604120308,1781604120382,74
single,USEQH100000000000457->USEQH100000000000458,warmup-single-1781604117-single-234-000,USEQH100000000000458,1781604120311,1781604120382,71
single,USEQH100000000000328->USEQH100000000000329,warmup-single-1781604117-single-170-000,USEQH100000000000329,1781604120308,1781604120382,74
single,USEQH100000000000563->USEQH100000000000573,warmup-single-1781604117-single-288-000,USEQH100000000000573,1781604120313,1781604120382,69
single,USEQH100000000000405->USEQH100000000000408,warmup-single-1781604117-single-210-000,USEQH100000000000408,1781604120310,1781604120382,72
single,USEQH100000000000295->USEQH100000000000296,warmup-single-1781604117-single-153-000,USEQH100000000000296,1781604120307,1781604120382,75
single,USEQH100000000000413->USEQH100000000000414,warmup-single-1781604117-single-212-000,USEQH100000000000414,1781604120310,1781604120382,72
single,USEQH100000000000515->USEQH100000000000516,warmup-single-1781604117-single-263-000,USEQH100000000000516,1781604120312,1781604120382,70
single,USEQH100000000000304->USEQH100000000000310,warmup-single-1781604117-single-158-000,USEQH100000000000310,1781604120307,1781604120382,75
single,USEQH100000000000446->USEQH100000000000449,warmup-single-1781604117-single-230-000,USEQH100000000000449,1781604120311,1781604120382,71
single,USEQH100000000000517->USEQH100000000000518,warmup-single-1781604117-single-264-000,USEQH100000000000518,1781604120312,1781604120382,70
single,USEQH100000000000506->USEQH100000000000509,warmup-single-1781604117-single-259-000,USEQH100000000000509,1781604120312,1781604120382,70
single,USEQH100000000000200->USEQH100000000000206,warmup-single-1781604117-single-106-000,USEQH100000000000206,1781604120305,1781604120382,77
single,USEQH100000000000337->USEQH100000000000338,warmup-single-1781604117-single-174-000,USEQH100000000000338,1781604120308,1781604120382,74
single,USEQH100000000000240->USEQH100000000000245,warmup-single-1781604117-single-126-000,USEQH100000000000245,1781604120306,1781604120382,76
single,USEQH100000000000282->USEQH100000000000283,warmup-single-1781604117-single-147-000,USEQH100000000000283,1781604120307,1781604120382,75
single,USEQH100000000000417->USEQH100000000000419,warmup-single-1781604117-single-214-000,USEQH100000000000419,1781604120310,1781604120382,72
single,USEQH100000000000248->USEQH100000000000249,warmup-single-1781604117-single-130-000,USEQH100000000000249,1781604120306,1781604120382,76
single,USEQH100000000000327->USEQH100000000000331,warmup-single-1781604117-single-169-000,USEQH100000000000331,1781604120308,1781604120384,76
single,USEQH100000000000263->USEQH100000000000269,warmup-single-1781604117-single-138-000,USEQH100000000000269,1781604120307,1781604120384,77
single,USEQH100000000000495->USEQH100000000000496,warmup-single-1781604117-single-253-000,USEQH100000000000496,1781604120311,1781604120384,73
single,USEQH100000000000529->USEQH100000000000530,warmup-single-1781604117-single-270-000,USEQH100000000000530,1781604120312,1781604120384,72
single,USEQH100000000000285->USEQH100000000000290,warmup-single-1781604117-single-148-000,USEQH100000000000290,1781604120307,1781604120384,77
single,USEQH100000000000435->USEQH100000000000437,warmup-single-1781604117-single-223-000,USEQH100000000000437,1781604120310,1781604120384,74
single,USEQH100000000000385->USEQH100000000000391,warmup-single-1781604117-single-199-000,USEQH100000000000391,1781604120309,1781604120384,75
single,USEQH100000000000557->USEQH100000000000559,warmup-single-1781604117-single-285-000,USEQH100000000000559,1781604120313,1781604120384,71
single,USEQH100000000000537->USEQH100000000000538,warmup-single-1781604117-single-274-000,USEQH100000000000538,1781604120312,1781604120384,72
single,USEQH100000000000547->USEQH100000000000548,warmup-single-1781604117-single-280-000,USEQH100000000000548,1781604120313,1781604120384,71
single,USEQH100000000000441->USEQH100000000000445,warmup-single-1781604117-single-227-000,USEQH100000000000445,1781604120310,1781604120384,74
single,USEQH100000000000375->USEQH100000000000376,warmup-single-1781604117-single-193-000,USEQH100000000000376,1781604120309,1781604120384,75
single,USEQH100000000000523->USEQH100000000000524,warmup-single-1781604117-single-268-000,USEQH100000000000524,1781604120312,1781604120384,72
single,USEQH100000000000572->USEQH100000000000574,warmup-single-1781604117-single-292-000,USEQH100000000000574,1781604120313,1781604120384,71
single,USEQH100000000000545->USEQH100000000000551,warmup-single-1781604117-single-278-000,USEQH100000000000551,1781604120313,1781604120384,71
single,USEQH100000000000397->USEQH100000000000398,warmup-single-1781604117-single-204-000,USEQH100000000000398,1781604120309,1781604120384,75
single,USEQH100000000000383->USEQH100000000000388,warmup-single-1781604117-single-197-000,USEQH100000000000388,1781604120309,1781604120384,75
single,USEQH100000000000399->USEQH100000000000402,warmup-single-1781604117-single-205-000,USEQH100000000000402,1781604120309,1781604120384,75
single,USEQH100000000000463->USEQH100000000000471,warmup-single-1781604117-single-238-000,USEQH100000000000471,1781604120311,1781604120384,73
single,USEQH100000000000542->USEQH100000000000543,warmup-single-1781604117-single-277-000,USEQH100000000000543,1781604120313,1781604120384,71
single,USEQH100000000000224->USEQH100000000000230,warmup-single-1781604117-single-118-000,USEQH100000000000230,1781604120306,1781604120384,78
single,USEQH100000000000315->USEQH100000000000316,warmup-single-1781604117-single-163-000,USEQH100000000000316,1781604120308,1781604120384,76
single,USEQH100000000000575->USEQH100000000000576,warmup-single-1781604117-single-293-000,USEQH100000000000576,1781604120313,1781604120384,71
single,USEQH100000000000262->USEQH100000000000265,warmup-single-1781604117-single-137-000,USEQH100000000000265,1781604120307,1781604120385,78
single,USEQH100000000000241->USEQH100000000000243,warmup-single-1781604117-single-127-000,USEQH100000000000243,1781604120306,1781604120385,79
single,USEQH100000000000309->USEQH100000000000311,warmup-single-1781604117-single-161-000,USEQH100000000000311,1781604120307,1781604120385,78
single,USEQH100000000000244->USEQH100000000000246,warmup-single-1781604117-single-128-000,USEQH100000000000246,1781604120306,1781604120385,79
single,USEQH100000000000366->USEQH100000000000369,warmup-single-1781604117-single-189-000,USEQH100000000000369,1781604120308,1781604120385,77
single,USEQH100000000000235->USEQH100000000000237,warmup-single-1781604117-single-123-000,USEQH100000000000237,1781604120306,1781604120385,79
single,USEQH100000000000268->USEQH100000000000270,warmup-single-1781604117-single-140-000,USEQH100000000000270,1781604120307,1781604120385,78
single,USEQH100000000000381->USEQH100000000000382,warmup-single-1781604117-single-196-000,USEQH100000000000382,1781604120309,1781604120385,76
single,USEQH100000000000488->USEQH100000000000490,warmup-single-1781604117-single-250-000,USEQH100000000000490,1781604120311,1781604120385,74
single,USEQH100000000000330->USEQH100000000000332,warmup-single-1781604117-single-171-000,USEQH100000000000332,1781604120308,1781604120385,77
single,USEQH100000000000345->USEQH100000000000347,warmup-single-1781604117-single-178-000,USEQH100000000000347,1781604120308,1781604120385,77
single,USEQH100000000000461->USEQH100000000000464,warmup-single-1781604117-single-236-000,USEQH100000000000464,1781604120311,1781604120385,74
single,USEQH100000000000384->USEQH100000000000390,warmup-single-1781604117-single-198-000,USEQH100000000000390,1781604120309,1781604120385,76
single,USEQH100000000000424->USEQH100000000000430,warmup-single-1781604117-single-218-000,USEQH100000000000430,1781604120310,1781604120385,75
single,USEQH100000000000080->USEQH100000000000084,warmup-single-1781604117-single-046-000,USEQH100000000000084,1781604120303,1781604120385,82
single,USEQH100000000000562->USEQH100000000000569,warmup-single-1781604117-single-287-000,USEQH100000000000569,1781604120313,1781604120385,72
single,USEQH100000000000355->USEQH100000000000360,warmup-single-1781604117-single-184-000,USEQH100000000000360,1781604120308,1781604120385,77
single,USEQH100000000000459->USEQH100000000000460,warmup-single-1781604117-single-235-000,USEQH100000000000460,1781604120311,1781604120385,74
single,USEQH100000000000526->USEQH100000000000527,warmup-single-1781604117-single-269-000,USEQH100000000000527,1781604120312,1781604120385,73
single,USEQH100000000000415->USEQH100000000000416,warmup-single-1781604117-single-213-000,USEQH100000000000416,1781604120310,1781604120385,75
single,USEQH100000000000560->USEQH100000000000564,warmup-single-1781604117-single-286-000,USEQH100000000000564,1781604120313,1781604120385,72
single,USEQH100000000000531->USEQH100000000000532,warmup-single-1781604117-single-271-000,USEQH100000000000532,1781604120312,1781604120385,73
single,USEQH100000000000570->USEQH100000000000571,warmup-single-1781604117-single-291-000,USEQH100000000000571,1781604120313,1781604120385,72
single,USEQH100000000000553->USEQH100000000000556,warmup-single-1781604117-single-282-000,USEQH100000000000556,1781604120313,1781604120385,72
single,USEQH100000000000476->USEQH100000000000477,warmup-single-1781604117-single-244-000,USEQH100000000000477,1781604120311,1781604120385,74
single,USEQH100000000000586->USEQH100000000000593,warmup-single-1781604117-single-299-000,USEQH100000000000593,1781604120313,1781604120385,72
single,USEQH100000000000577->USEQH100000000000578,warmup-single-1781604117-single-294-000,USEQH100000000000578,1781604120313,1781604120385,72
single,USEQH100000000000253->USEQH100000000000255,warmup-single-1781604117-single-133-000,USEQH100000000000255,1781604120307,1781604120385,78
single,USEQH100000000000377->USEQH100000000000379,warmup-single-1781604117-single-194-000,USEQH100000000000379,1781604120309,1781604120385,76
single,USEQH100000000000187->USEQH100000000000188,warmup-single-1781604117-single-100-000,USEQH100000000000188,1781604120305,1781604120385,80
single,USEQH100000000000291->USEQH100000000000292,warmup-single-1781604117-single-151-000,USEQH100000000000292,1781604120307,1781604120385,78
single,USEQH100000000000280->USEQH100000000000284,warmup-single-1781604117-single-146-000,USEQH100000000000284,1781604120307,1781604120385,78
single,USEQH100000000000479->USEQH100000000000481,warmup-single-1781604117-single-245-000,USEQH100000000000481,1781604120311,1781604120385,74
single,USEQH100000000000259->USEQH100000000000261,warmup-single-1781604117-single-135-000,USEQH100000000000261,1781604120307,1781604120385,78
single,USEQH100000000000260->USEQH100000000000264,warmup-single-1781604117-single-136-000,USEQH100000000000264,1781604120307,1781604120385,78
