time_ms,avg_ready_depth_per_partition,max_ready_depth_single_partition
0.0,0.0,0
5.0,0.0,0
10.0,0.0,0
15.0,0.0,0
20.0,0.0,0
25.0,0.0,0
30.0,0.0,0
35.0,0.0,0
40.0,0.0,0
45.0,0.0,0
50.0,0.0,0
55.0,0.0,0
60.0,0.0,0
65.0,0.5,1
70.0,1.2,2
75.0,1.9,3
80.0,2.7,3
85.0,3.1,4
90.0,3.9,5
95.0,4.7,6
100.0,5.7,7
105.0,7.1,8
110.0,8.3,10
115.0,9.5,12
120.0,10.9,12
125.0,12.5,14
130.0,14.3,18
135.0,16.1,18
140.0,17.6,20
145.0,18.8,20
150.0,20.2,21
155.0,21.7,24
160.0,23.8,25
165.0,25.6,28
170.0,27.4,30
175.0,29.2,30
180.0,30.6,32
185.0,32.0,34
190.0,33.8,35
195.0,35.9,38
200.0,37.4,38
205.0,39.1,40
210.0,40.5,42
215.0,41.7,42
220.0,43.5,45
225.0,45.6,48
230.0,47.7,48
235.0,49.0,50
240.0,50.0,52
245.0,51.4,52
250.0,53.4,56
255.0,54.9,56
260.0,56.7,59
265.0,58.5,60
270.0,59.7,61
275.0,60.9,62
280.0,62.6,64
285.0,65.0,67
290.0,66.8,69
295.0,68.8,72
300.0,70.2,72
305.0,71.6,74
310.0,73.2,75
315.0,75.0,76
320.0,77.4,79
325.0,78.9,80
330.0,80.1,81
335.0,81.5,83
340.0,83.1,86
345.0,85.8,88
350.0,87.4,88
355.0,88.8,90
360.0,89.4,90
365.0,90.8,92
370.0,92.3,95
375.0,94.4,95
380.0,96.5,98
385.0,98.2,100
390.0,99.4,100
395.0,101.0,102
400.0,102.4,104
405.0,104.1,105
410.0,105.9,108
415.0,107.7,108
420.0,109.1,110
425.0,110.3,112
430.0,111.7,112
435.0,113.7,115
440.0,116.1,118
445.0,118.0,120
450.0,119.2,120
455.0,119.8,121
460.0,121.2,122
465.0,123.0,125
470.0,125.1,128
475.0,126.9,128
480.0,128.6,130
485.0,130.0,132
490.0,131.2,132
495.0,132.8,135
500.0,134.9,138
505.0,135.2,138
510.0,137.6,138
515.0,139.2,140
520.0,140.6,142
525.0,142.1,143
530.0,144.2,146
535.0,146.3,149
540.0,148.4,149
545.0,149.7,151
550.0,151.3,153
555.0,152.8,155
560.0,154.3,156
565.0,156.4,159
570.0,158.2,159
575.0,159.4,161
580.0,160.8,163
585.0,162.2,163
590.0,164.2,166
595.0,166.0,168
600.0,167.6,168
605.0,168.6,170
610.0,170.2,172
615.0,171.4,172
620.0,173.2,176
625.0,175.0,176
630.0,177.1,179
635.0,178.9,181
640.0,180.3,181
645.0,181.5,183
650.0,183.3,185
655.0,185.1,187
660.0,187.2,190
665.0,188.8,190
670.0,189.6,192
675.0,191.0,194
680.0,191.0,194
685.0,191.0,194
690.0,191.3,194
695.0,191.3,194
700.0,191.3,194
705.0,191.3,194
710.0,191.3,194
715.0,191.3,194
720.0,191.3,194
725.0,191.3,194
730.0,191.3,194
735.0,191.3,194
740.0,191.3,194
745.0,191.3,194
750.0,191.3,194
755.0,191.3,194
760.0,191.3,194
765.0,191.3,194
770.0,191.3,194
775.0,191.3,194
780.0,191.3,194
785.0,191.3,194
790.0,191.3,194
795.0,191.3,194
800.0,191.3,194
805.0,191.3,194
810.0,191.3,194
815.0,191.3,194
820.0,191.3,194
825.0,191.3,194
830.0,191.3,194
835.0,191.3,194
840.0,191.3,194
845.0,192.3,201
850.0,192.3,201
855.0,192.3,201
860.0,192.3,201
865.0,192.3,201
870.0,192.3,201
875.0,192.3,201
880.0,192.3,201
885.0,199.5,214
890.0,206.7,214
895.0,215.1,226
900.0,218.7,226
905.0,226.7,238
910.0,235.1,250
915.0,242.3,250
920.0,251.9,262
925.0,257.9,262
930.0,266.3,274
935.0,274.5,286
940.0,281.7,298
945.0,291.3,298
950.0,299.7,310
955.0,306.9,312
960.0,311.2,312
965.0,312.8,315
970.0,314.6,315
975.0,316.7,318
980.0,318.3,320
985.0,319.9,322
990.0,321.3,322
995.0,322.7,324
1000.0,324.7,327
1005.0,326.8,328
1010.0,328.4,330
1015.0,329.6,332
1020.0,331.0,332
1025.0,332.2,334
1030.0,333.1,335
1035.0,334.9,337
1040.0,336.7,338
1045.0,338.2,339
1050.0,339.4,341
1055.0,340.6,342
1060.0,342.1,344
1065.0,343.9,346
1070.0,346.0,348
1075.0,348.1,349
1080.0,349.4,351
1085.0,350.8,352
1090.0,352.7,355
1095.0,354.8,358
1100.0,356.6,358
1105.0,358.7,360
1110.0,360.0,360
1115.0,361.2,362
1120.0,363.1,365
1125.0,364.9,366
1130.0,366.7,369
1135.0,368.4,370
1140.0,369.6,371
1145.0,371.0,372
1150.0,372.7,375
1155.0,374.5,376
1160.0,376.3,379
1165.0,378.4,379
1170.0,379.8,381
1175.0,381.2,383
1180.0,382.7,386
1185.0,384.5,386
1190.0,386.6,389
1195.0,388.2,389
1200.0,389.8,391
1205.0,391.0,393
1210.0,392.4,394
1215.0,394.4,396
1220.0,396.2,398
1225.0,398.0,400
1230.0,399.6,400
1235.0,400.8,402
1240.0,401.6,402
1245.0,403.3,405
1250.0,405.4,408
1255.0,407.2,408
1260.0,408.8,410
1265.0,410.0,412
1270.0,411.2,412
1275.0,413.0,415
1280.0,415.1,416
1285.0,416.9,419
1290.0,418.7,421
1295.0,419.7,421
1300.0,421.1,423
1305.0,422.4,424
1310.0,424.5,426
1315.0,426.3,429
1320.0,428.7,430
1325.0,429.9,432
1330.0,430.9,434
1335.0,433.2,435
1340.0,435.0,438
1345.0,437.1,440
1350.0,439.0,441
1355.0,440.6,442
1360.0,442.0,445
1365.0,443.4,445
1370.0,445.2,448
1375.0,447.3,449
1380.0,448.6,450
1385.0,449.8,452
1390.0,451.0,452
1395.0,452.3,454
1400.0,454.4,457
1405.0,455.9,458
1410.0,457.7,460
1415.0,459.1,460
1420.0,460.5,462
1425.0,462.0,464
1430.0,464.4,466
1435.0,466.5,469
1440.0,468.6,470
1445.0,469.8,472
1450.0,471.0,472
1455.0,472.4,474
1460.0,474.1,476
1465.0,474.7,477
1470.0,476.5,478
1475.0,478.3,480
1480.0,479.7,481
1485.0,480.9,483
1490.0,482.6,485
1495.0,485.0,488
1500.0,487.1,489
1505.0,488.8,491
1510.0,490.2,492
1515.0,491.4,493
1520.0,493.3,495
1525.0,495.1,498
1530.0,497.2,500
1535.0,499.2,500
1540.0,500.4,502
1545.0,501.8,504
1550.0,503.4,504
1555.0,505.5,508
1560.0,507.3,510
1565.0,508.7,510
1570.0,509.9,512
1575.0,511.3,513
1580.0,512.9,515
1585.0,514.4,516
1590.0,516.5,518
1595.0,518.4,520
1600.0,519.6,522
1605.0,521.0,522
1610.0,522.4,524
1615.0,524.4,526
1620.0,526.2,528
1625.0,527.9,529
1630.0,529.3,531
1635.0,530.7,533
1640.0,531.9,533
1645.0,533.2,535
1650.0,535.3,536
1655.0,537.4,538
1660.0,538.6,540
1665.0,540.0,540
1670.0,541.4,542
1675.0,543.2,545
1680.0,545.0,545
1685.0,546.8,548
1690.0,548.6,550
1695.0,549.8,550
1700.0,551.4,552
1705.0,552.9,555
1710.0,554.1,555
1715.0,555.3,558
1720.0,556.2,558
1725.0,558.4,560
1730.0,559.8,560
1735.0,561.5,563
1740.0,563.3,566
1745.0,565.4,566
1750.0,567.5,569
1755.0,569.4,571
1760.0,571.0,571
1765.0,572.7,574
1770.0,574.5,577
1775.0,576.6,577
1780.0,579.0,580
1785.0,580.4,582
1790.0,581.6,583
1795.0,582.9,585
1800.0,585.0,588
1805.0,587.1,588
1810.0,588.5,590
1815.0,589.9,592
1820.0,591.3,592
1825.0,592.7,594
1830.0,594.8,597
1835.0,596.6,598
1840.0,597.9,600
1845.0,599.3,601
1850.0,600.9,604
1855.0,602.1,604
1860.0,604.0,606
1865.0,605.8,608
1870.0,607.7,610
1875.0,608.9,610
1880.0,610.5,612
1885.0,611.7,614
1890.0,613.4,615
1895.0,615.5,618
1900.0,617.6,618
1905.0,618.8,621
1910.0,620.4,622
1915.0,621.8,623
1920.0,623.2,625
1925.0,625.6,627
1930.0,627.5,629
1935.0,628.5,630
1940.0,629.9,632
1945.0,631.1,632
1950.0,632.5,634
1955.0,634.3,637
1960.0,636.4,638
1965.0,637.8,640
1970.0,639.0,640
1975.0,640.4,642
1980.0,641.8,644
1985.0,643.7,646
1990.0,645.5,648
1995.0,647.9,649
2000.0,649.1,652
2005.0,650.5,652
2010.0,651.5,653
2015.0,653.3,657
2020.0,655.1,657
2025.0,657.2,660
2030.0,658.4,660
2035.0,660.0,662
2040.0,661.2,664
2045.0,661.2,664
2050.0,661.8,664
2055.0,663.9,667
2060.0,665.7,667
2065.0,667.5,670
2070.0,669.0,670
2075.0,670.7,673
2080.0,672.5,675
2085.0,674.3,676
2090.0,676.4,679
2095.0,678.8,681
2100.0,680.4,681
2105.0,682.4,684
2110.0,684.2,688
2115.0,686.3,688
2120.0,688.1,691
2125.0,690.2,692
2130.0,691.3,692
2135.0,693.2,696
2140.0,695.3,698
2145.0,697.1,699
2150.0,698.7,700
2155.0,699.9,701
2160.0,701.5,703
2165.0,703.4,705
2170.0,705.2,706
2175.0,707.3,709
2180.0,709.0,711
2185.0,710.4,712
2190.0,711.8,713
2195.0,713.3,715
2200.0,715.4,718
2205.0,717.5,718
2210.0,718.9,720
2215.0,720.3,722
2220.0,721.5,722
2225.0,722.7,724
2230.0,724.4,727
2235.0,726.2,728
2240.0,727.8,730
2245.0,728.8,730
2250.0,730.0,731
2255.0,731.4,734
2260.0,733.2,735
2265.0,734.7,738
2270.0,736.8,738
2275.0,738.6,741
2280.0,739.6,742
2285.0,740.8,743
2290.0,742.6,746
2295.0,745.0,747
2300.0,746.5,749
2305.0,748.3,750
2310.0,750.0,751
2315.0,751.4,753
2320.0,753.0,755
2325.0,755.1,756
2330.0,757.2,759
2335.0,758.7,761
2340.0,760.1,761
2345.0,761.3,763
2350.0,762.9,766
2355.0,765.0,767
2360.0,766.8,769
2365.0,768.6,770
2370.0,769.8,771
2375.0,771.0,772
2380.0,772.4,774
2385.0,773.9,776
2390.0,776.0,778
2395.0,777.5,779
2400.0,779.2,781
2405.0,780.4,781
2410.0,782.0,784
2415.0,784.1,787
2420.0,785.9,787
2425.0,788.0,790
2430.0,789.4,791
2435.0,790.8,792
2440.0,792.5,794
2445.0,794.3,797
2450.0,796.1,798
2455.0,797.9,800
2460.0,799.7,800
2465.0,800.7,802
2470.0,802.6,805
2475.0,804.4,805
2480.0,806.5,808
2485.0,808.4,810
2490.0,809.8,812
2495.0,811.5,812
2500.0,812.7,815
2505.0,814.5,815
2510.0,816.6,818
2515.0,818.3,820
2520.0,819.3,820
2525.0,819.7,820
2530.0,821.4,823
2535.0,822.9,826
2540.0,824.4,826
2545.0,826.5,829
2550.0,828.3,829
2555.0,829.5,831
2560.0,831.1,833
2565.0,833.2,834
2570.0,835.0,837
2575.0,837.1,840
2580.0,838.9,840
2585.0,840.9,842
2590.0,842.3,844
2595.0,844.4,848
2600.0,846.5,848
2605.0,848.5,850
2610.0,849.9,852
2615.0,850.9,852
2620.0,852.3,854
2625.0,854.1,857
2630.0,856.2,858
2635.0,857.5,860
2640.0,859.1,861
2645.0,860.5,862
2650.0,861.7,864
2655.0,863.2,866
2660.0,865.6,867
2665.0,867.3,869
2670.0,868.5,871
2675.0,869.9,871
2680.0,871.1,873
2685.0,872.2,873
2690.0,873.7,876
2695.0,875.8,878
2700.0,878.0,879
2705.0,879.2,881
2710.0,880.6,883
2715.0,881.7,883
2720.0,883.8,886
2725.0,885.9,889
2730.0,888.0,890
2735.0,889.4,892
2740.0,891.0,893
2745.0,892.2,894
2750.0,894.6,896
2755.0,896.7,899
2760.0,898.6,900
2765.0,899.8,902
2770.0,901.2,903
2775.0,902.4,904
2780.0,904.0,906
2785.0,905.8,908
2790.0,907.5,909
2795.0,908.7,911
2800.0,910.1,912
2805.0,911.1,913
2810.0,912.9,916
2815.0,915.3,916
2820.0,917.1,919
2825.0,918.5,921
2830.0,920.1,921
2835.0,921.5,923
2840.0,922.9,925
2845.0,925.0,926
2850.0,927.1,929
2855.0,929.1,931
2860.0,930.1,931
2865.0,931.5,933
2870.0,932.9,935
2875.0,935.0,938
2880.0,936.5,938
2885.0,937.9,940
2890.0,939.3,940
2895.0,940.5,942
2900.0,942.2,944
2905.0,944.0,945
2910.0,946.4,948
2915.0,948.2,950
2920.0,949.6,951
2925.0,950.8,952
2930.0,952.2,954
2935.0,952.9,954
2940.0,953.2,955
2945.0,953.2,955
2950.0,954.1,957
2955.0,956.2,958
2960.0,958.8,961
2965.0,961.2,964
2970.0,963.0,964
2975.0,964.8,967
2980.0,966.6,969
2985.0,969.0,970
2990.0,970.7,972
2995.0,972.8,976
3000.0,974.3,976
3005.0,976.4,979
3010.0,977.9,979
3015.0,980.3,982
3020.0,982.5,986
3025.0,984.6,986
3030.0,986.4,988
3035.0,987.7,989
3040.0,989.1,990
3045.0,990.3,992
3050.0,991.3,993
3055.0,993.4,996
3060.0,995.5,999
3065.0,997.3,999
3070.0,999.0,1001
3075.0,1000.4,1001
3080.0,1001.8,1004
3085.0,1003.9,1006
3090.0,1006.0,1007
3095.0,1007.8,1010
3100.0,1009.7,1011
3105.0,1010.9,1012
3110.0,1012.3,1014
3115.0,1013.7,1015
3120.0,1015.5,1017
3125.0,1017.6,1020
3130.0,1019.1,1020
3135.0,1020.3,1022
3140.0,1021.9,1024
3145.0,1023.3,1025
3150.0,1025.4,1027
3155.0,1026.9,1029
3160.0,1028.1,1030
3165.0,1029.3,1031
3170.0,1030.5,1032
3175.0,1031.4,1034
3180.0,1033.5,1035
3185.0,1035.3,1037
3190.0,1037.4,1040
3195.0,1038.9,1040
3200.0,1040.2,1042
3205.0,1042.3,1046
3210.0,1044.4,1046
3215.0,1046.5,1048
3220.0,1048.3,1051
3225.0,1050.1,1051
3230.0,1051.5,1053
3235.0,1053.3,1054
3240.0,1055.1,1057
3245.0,1057.2,1060
3250.0,1059.3,1060
3255.0,1060.7,1062
3260.0,1061.9,1064
3265.0,1063.6,1065
3270.0,1064.5,1067
3275.0,1066.3,1068
3280.0,1068.2,1070
3285.0,1069.8,1072
3290.0,1071.0,1072
3295.0,1072.9,1075
3300.0,1075.0,1078
3305.0,1077.1,1078
3310.0,1078.7,1080
3315.0,1079.9,1082
3320.0,1081.3,1082
3325.0,1082.8,1085
3330.0,1084.6,1087
3335.0,1086.7,1088
3340.0,1088.5,1090
3345.0,1089.9,1092
3350.0,1091.3,1092
3355.0,1093.0,1095
3360.0,1095.1,1098
3365.0,1097.2,1098
3370.0,1098.6,1100
3375.0,1099.8,1102
3380.0,1101.0,1102
3385.0,1102.6,1105
3390.0,1104.4,1105
3395.0,1105.9,1108
3400.0,1108.0,1110
3405.0,1109.0,1110
3410.0,1110.2,1112
3415.0,1111.8,1113
3420.0,1114.2,1116
3425.0,1116.3,1119
3430.0,1118.4,1120
3435.0,1119.6,1120
3440.0,1121.0,1122
3445.0,1122.2,1125
3450.0,1124.3,1125
3455.0,1126.4,1128
3460.0,1128.2,1131
3465.0,1129.9,1131
3470.0,1131.1,1133
3475.0,1131.3,1133
3480.0,1132.3,1133
3485.0,1134.4,1136
3490.0,1136.8,1139
3495.0,1138.5,1140
3500.0,1139.5,1141
3505.0,1140.9,1143
3510.0,1142.7,1144
3515.0,1144.8,1147
3520.0,1146.6,1149
3525.0,1149.0,1151
3530.0,1150.4,1152
3535.0,1151.4,1154
3540.0,1153.5,1156
3545.0,1155.6,1157
3550.0,1157.1,1159
3555.0,1159.2,1161
3560.0,1160.6,1162
3565.0,1161.6,1164
3570.0,1163.4,1165
3575.0,1165.2,1167
3580.0,1167.0,1170
3585.0,1168.4,1170
3590.0,1169.6,1171
3595.0,1171.0,1174
3600.0,1172.9,1174
3605.0,1175.3,1178
3610.0,1177.1,1179
3615.0,1178.8,1180
3620.0,1180.2,1182
3625.0,1181.6,1184
3630.0,1183.0,1184
3635.0,1185.1,1187
3640.0,1187.2,1189
3645.0,1188.7,1190
3650.0,1190.3,1191
3655.0,1191.8,1194
3660.0,1192.9,1194
3665.0,1194.6,1198
3670.0,1196.6,1198
3675.0,1197.8,1200
3680.0,1199.4,1201
3685.0,1200.8,1202
3690.0,1202.0,1204
3695.0,1203.7,1206
3700.0,1205.5,1208
3705.0,1207.3,1210
3710.0,1208.5,1210
3715.0,1209.7,1212
3720.0,1211.1,1212
3725.0,1212.1,1213
3730.0,1213.9,1216
3735.0,1216.3,1219
3740.0,1218.0,1219
3745.0,1219.4,1222
3750.0,1220.8,1222
3755.0,1222.0,1224
3760.0,1223.7,1226
3765.0,1226.1,1228
3770.0,1228.1,1229
3775.0,1229.5,1231
3780.0,1230.5,1232
3785.0,1231.9,1233
3790.0,1233.9,1236
3795.0,1236.0,1238
3800.0,1237.8,1239
3805.0,1239.0,1241
3810.0,1240.2,1241
3815.0,1241.6,1243
3820.0,1243.4,1245
3825.0,1245.5,1249
3830.0,1247.0,1249
3835.0,1248.9,1251
3840.0,1249.9,1251
3845.0,1251.3,1253
3850.0,1253.0,1255
3855.0,1254.8,1256
3860.0,1256.6,1259
3865.0,1258.2,1260
3870.0,1259.6,1260
3875.0,1260.8,1263
3880.0,1262.4,1265
3885.0,1264.8,1266
3890.0,1266.9,1269
3895.0,1268.3,1270
3900.0,1269.7,1271
3905.0,1271.1,1273
3910.0,1272.5,1275
3915.0,1274.6,1275
3920.0,1276.4,1278
3925.0,1278.5,1280
3930.0,1279.9,1280
3935.0,1281.3,1282
3940.0,1282.7,1284
3945.0,1284.4,1285
3950.0,1285.6,1288
3955.0,1287.3,1288
3960.0,1288.7,1290
3965.0,1290.3,1291
3970.0,1291.3,1293
3975.0,1292.7,1294
3980.0,1295.1,1299
3985.0,1296.9,1299
3990.0,1298.4,1301
3995.0,1300.0,1302
4000.0,1301.2,1303
4005.0,1303.1,1306
4010.0,1305.2,1309
4015.0,1307.3,1309
4020.0,1309.0,1310
4025.0,1310.4,1312
4030.0,1311.8,1313
4035.0,1313.4,1315
4040.0,1315.5,1318
4045.0,1317.3,1320
4050.0,1318.8,1320
4055.0,1320.2,1322
4060.0,1321.4,1322
4065.0,1322.8,1324
4070.0,1324.3,1326
4075.0,1326.1,1327
4080.0,1328.0,1330
4085.0,1329.2,1331
4090.0,1330.4,1332
4095.0,1331.6,1334
4100.0,1333.6,1335
4105.0,1335.4,1336
4110.0,1337.5,1339
4115.0,1338.6,1340
4120.0,1338.6,1340
4125.0,1340.1,1341
4130.0,1342.2,1346
4135.0,1344.0,1346
4140.0,1346.1,1348
4145.0,1348.2,1350
4150.0,1349.9,1351
4155.0,1351.2,1353
4160.0,1353.6,1356
4165.0,1355.1,1357
4170.0,1357.2,1360
4175.0,1359.0,1360
4180.0,1360.9,1362
4185.0,1362.1,1364
4190.0,1364.2,1365
4195.0,1366.0,1368
4200.0,1368.0,1370
4205.0,1369.2,1370
4210.0,1370.6,1372
4215.0,1371.8,1374
4220.0,1373.5,1375
4225.0,1375.3,1377
4230.0,1377.4,1379
4235.0,1378.8,1380
4240.0,1380.2,1381
4245.0,1381.4,1382
4250.0,1383.0,1385
4255.0,1384.8,1388
4260.0,1387.2,1388
4265.0,1388.9,1390
4270.0,1390.1,1392
4275.0,1391.5,1392
4280.0,1393.0,1395
4285.0,1395.1,1398
4290.0,1397.2,1398
4295.0,1398.7,1400
4300.0,1400.1,1402
4305.0,1401.3,1402
4310.0,1402.7,1405
4315.0,1404.2,1405
4320.0,1406.3,1408
4325.0,1408.0,1410
4330.0,1409.7,1411
4335.0,1410.8,1412
4340.0,1412.4,1415
4345.0,1414.5,1417
4350.0,1416.6,1418
4355.0,1418.7,1420
4360.0,1419.9,1422
4365.0,1421.3,1422
4370.0,1422.5,1424
4375.0,1424.6,1428
4380.0,1426.7,1428
4385.0,1428.3,1430
4390.0,1429.7,1431
4395.0,1431.1,1432
4400.0,1432.3,1434
4405.0,1434.0,1436
4410.0,1436.1,1438
4415.0,1437.9,1439
4420.0,1439.3,1442
4425.0,1440.3,1442
4430.0,1441.7,1443
4435.0,1443.2,1447
4440.0,1445.3,1447
4445.0,1447.4,1450
4450.0,1448.9,1450
4455.0,1450.1,1452
4460.0,1451.3,1454
4465.0,1453.0,1454
4470.0,1455.1,1457
4475.0,1456.9,1460
4480.0,1458.8,1460
4485.0,1460.2,1462
4490.0,1461.4,1464
4495.0,1462.8,1464
4500.0,1464.6,1467
4505.0,1466.4,1468
4510.0,1468.2,1471
4515.0,1469.6,1471
4520.0,1470.8,1473
4525.0,1472.0,1473
4530.0,1473.7,1476
4535.0,1475.8,1478
4540.0,1477.7,1478
4545.0,1478.9,1480
4550.0,1480.5,1482
4555.0,1481.9,1482
4560.0,1483.8,1485
4565.0,1485.6,1488
4570.0,1487.7,1488
4575.0,1489.0,1490
4580.0,1490.4,1492
4585.0,1492.0,1494
4590.0,1493.6,1495
4595.0,1495.4,1498
4600.0,1497.2,1498
4605.0,1498.6,1500
4610.0,1500.0,1502
4615.0,1501.2,1502
4620.0,1502.5,1504
4625.0,1504.6,1507
4630.0,1506.7,1508
4635.0,1508.3,1510
4640.0,1509.5,1511
4645.0,1511.1,1514
4650.0,1512.3,1514
4655.0,1514.1,1515
4660.0,1516.2,1520
4665.0,1518.2,1520
4670.0,1519.2,1520
4675.0,1520.2,1522
4680.0,1521.6,1524
4685.0,1523.1,1525
4690.0,1525.2,1527
4695.0,1526.7,1529
4700.0,1528.5,1530
4705.0,1529.5,1531
4710.0,1530.7,1532
4715.0,1532.8,1535
4720.0,1534.3,1537
4725.0,1536.4,1538
4730.0,1537.9,1541
4735.0,1539.7,1541
4740.0,1540.7,1542
4745.0,1543.3,1546
4750.0,1545.4,1548
4755.0,1547.5,1550
4760.0,1549.3,1551
4765.0,1549.9,1552
4770.0,1551.1,1554
4775.0,1552.5,1554
4780.0,1554.6,1557
4785.0,1556.7,1559
4790.0,1559.0,1560
4795.0,1560.4,1562
4800.0,1561.8,1564
4805.0,1563.4,1565
4810.0,1565.2,1567
4815.0,1567.3,1570
4820.0,1569.0,1572
4825.0,1570.4,1572
4830.0,1571.6,1574
4835.0,1573.3,1575
4840.0,1575.1,1577
4845.0,1577.2,1579
4850.0,1578.7,1580
4855.0,1579.9,1582
4860.0,1581.1,1582
4865.0,1582.8,1584
4870.0,1584.9,1587
4875.0,1587.3,1589
4880.0,1587.9,1589
4885.0,1588.5,1589
4890.0,1590.1,1591
4895.0,1591.6,1594
4900.0,1593.7,1597
4905.0,1595.5,1597
4910.0,1597.6,1600
4915.0,1599.2,1600
4920.0,1600.6,1602
4925.0,1601.7,1605
4930.0,1601.7,1605
4935.0,1601.7,1605
4940.0,1601.7,1605
4945.0,1602.9,1605
4950.0,1605.4,1609
4955.0,1607.8,1609
4960.0,1610.2,1613
4965.0,1612.5,1615
4970.0,1614.9,1616
4975.0,1616.7,1618
4980.0,1619.0,1622
4985.0,1621.4,1623
4990.0,1624.0,1626
4995.0,1625.8,1629
5000.0,1627.6,1629
5005.0,1630.0,1632
5010.0,1631.8,1635
5015.0,1635.0,1636
5020.0,1636.8,1638
5025.0,1638.4,1640
5030.0,1639.6,1640
5035.0,1641.0,1642
5040.0,1642.0,1644
5045.0,1644.2,1645
5050.0,1646.0,1648
5055.0,1647.9,1650
5060.0,1649.3,1650
5065.0,1650.5,1652
5070.0,1651.9,1654
5075.0,1652.4,1655
5080.0,1654.5,1658
5085.0,1656.3,1658
5090.0,1657.8,1660
5095.0,1659.2,1660
5100.0,1660.6,1662
5105.0,1662.6,1665
5110.0,1664.7,1666
5115.0,1666.2,1669
5120.0,1668.4,1671
5125.0,1669.6,1670
5130.0,1671.2,1673
5135.0,1673.0,1675
5140.0,1674.5,1676
5145.0,1676.0,1679
5150.0,1678.4,1681
5155.0,1680.0,1681
5160.0,1681.4,1683
5165.0,1683.2,1686
5170.0,1685.3,1687
5175.0,1687.4,1689
5180.0,1688.7,1691
5185.0,1689.9,1691
5190.0,1691.3,1693
5195.0,1692.8,1696
5200.0,1694.9,1696
5205.0,1697.0,1699
5210.0,1698.7,1700
5215.0,1699.9,1701
5220.0,1701.3,1703
5225.0,1702.8,1705
5230.0,1704.8,1706
5235.0,1706.6,1709
5240.0,1707.8,1710
5245.0,1709.2,1711
5250.0,1710.6,1712
5255.0,1711.8,1713
5260.0,1713.4,1716
5265.0,1715.2,1719
5270.0,1717.0,1719
5275.0,1718.6,1720
5280.0,1719.6,1721
5285.0,1721.2,1723
5290.0,1722.9,1726
5295.0,1724.7,1726
5300.0,1726.8,1728
5305.0,1728.7,1730
5310.0,1730.1,1732
5315.0,1731.3,1732
5320.0,1733.1,1735
5325.0,1734.9,1738
5330.0,1737.0,1738
5335.0,1738.9,1740
5340.0,1740.5,1742
5345.0,1741.9,1742
5350.0,1743.2,1745
5355.0,1745.0,1747
5360.0,1747.1,1748
5365.0,1748.4,1750
5370.0,1749.8,1752
5375.0,1751.2,1752
5380.0,1752.4,1754
5385.0,1754.8,1758
5390.0,1756.6,1758
5395.0,1757.8,1760
5400.0,1759.2,1762
5405.0,1760.4,1762
5410.0,1761.6,1764
5415.0,1763.6,1765
5420.0,1766.0,1767
5425.0,1768.3,1770
5430.0,1769.3,1770
5435.0,1770.7,1772
5440.0,1771.9,1774
5445.0,1773.5,1775
5450.0,1775.6,1778
5455.0,1777.7,1780
5460.0,1779.0,1780
5465.0,1780.4,1782
5470.0,1781.4,1784
5475.0,1783.0,1785
5480.0,1784.8,1787
5485.0,1786.9,1788
5490.0,1788.5,1790
5495.0,1789.7,1792
5500.0,1791.3,1794
5505.0,1792.6,1794
5510.0,1794.7,1796
5515.0,1796.8,1799
5520.0,1798.3,1799
5525.0,1799.7,1801
5530.0,1801.1,1803
5535.0,1802.7,1805
5540.0,1804.5,1806
5545.0,1806.6,1808
5550.0,1808.1,1809
5555.0,1809.5,1811
5560.0,1810.9,1812
5565.0,1812.3,1814
5570.0,1813.9,1815
5575.0,1816.0,1818
5580.0,1817.8,1820
5585.0,1819.0,1820
5590.0,1820.4,1822
5595.0,1821.6,1822
5600.0,1823.1,1825
5605.0,1824.9,1828
5610.0,1826.7,1828
5615.0,1828.4,1830
5620.0,1829.4,1830
5625.0,1830.8,1832
5630.0,1832.3,1835
5635.0,1834.4,1835
5640.0,1836.5,1838
5645.0,1838.3,1840
5650.0,1839.5,1840
5655.0,1840.7,1842
5660.0,1841.8,1843
5665.0,1843.9,1846
5670.0,1845.7,1849
5675.0,1847.8,1849
5680.0,1849.6,1851
5685.0,1850.8,1853
5690.0,1852.2,1854
5695.0,1854.0,1857
5700.0,1855.8,1857
5705.0,1857.6,1860
5710.0,1859.4,1862
5715.0,1860.8,1862
5720.0,1862.6,1864
5725.0,1864.7,1867
5730.0,1866.8,1870
5735.0,1868.6,1870
5740.0,1869.8,1871
5745.0,1871.2,1874
5750.0,1872.6,1874
5755.0,1874.9,1877
5760.0,1876.7,1879
5765.0,1878.4,1879
5770.0,1879.4,1881
5775.0,1881.0,1883
5780.0,1882.2,1883
5785.0,1883.6,1886
5790.0,1885.4,1887
5795.0,1887.3,1888
5800.0,1888.5,1890
5805.0,1889.9,1891
5810.0,1891.3,1892
5815.0,1893.1,1895
5820.0,1895.2,1897
5825.0,1897.3,1898
5830.0,1898.6,1900
5835.0,1899.8,1902
5840.0,1901.4,1902
5845.0,1902.7,1904
5850.0,1904.8,1908
5855.0,1906.6,1908
5860.0,1908.7,1910
5865.0,1910.3,1912
5870.0,1911.5,1912
5875.0,1912.9,1914
5880.0,1914.8,1917
5885.0,1916.6,1918
5890.0,1918.1,1920
5895.0,1919.3,1922
5900.0,1920.7,1922
5905.0,1922.1,1924
5910.0,1923.5,1927
5915.0,1925.3,1927
5920.0,1927.3,1929
5925.0,1928.7,1930
5930.0,1929.9,1931
5935.0,1931.3,1933
5940.0,1932.6,1934
5945.0,1934.4,1937
5950.0,1935.9,1938
5955.0,1938.0,1940
5960.0,1939.7,1942
5965.0,1940.9,1942
5970.0,1942.5,1945
5975.0,1944.6,1947
5980.0,1946.4,1949
5985.0,1948.7,1953
5990.0,1950.0,1952
5995.0,1951.4,1953
6000.0,1953.0,1956
6005.0,1954.8,1956
6010.0,1956.6,1958
6015.0,1958.4,1959
6020.0,1959.8,1961
6025.0,1960.8,1962
6030.0,1962.2,1963
6035.0,1964.3,1966
6040.0,1966.4,1968
6045.0,1968.4,1971
6050.0,1969.6,1971
6055.0,1971.0,1973
6060.0,1972.6,1974
6065.0,1974.3,1976
6070.0,1976.4,1978
6075.0,1978.2,1980
6080.0,1979.4,1981
6085.0,1980.8,1983
6090.0,1982.2,1984
6095.0,1983.5,1984
6100.0,1985.3,1988
6105.0,1987.0,1988
6110.0,1988.4,1990
6115.0,1989.8,1992
6120.0,1991.4,1994
6125.0,1992.7,1994
6130.0,1994.8,1998
6135.0,1996.9,2000
6140.0,1998.2,2000
6145.0,1998.2,2000
6150.0,1998.2,2000
6155.0,1998.2,2000
6160.0,1998.2,2000
6165.0,1998.4,2000
6170.0,1999.6,2002
6175.0,2001.7,2003
6180.0,2004.1,2007
6185.0,2006.9,2010
6190.0,2009.3,2011
6195.0,2011.7,2014
6200.0,2013.7,2017
6205.0,2015.5,2017
6210.0,2018.2,2021
6215.0,2021.0,2024
6220.0,2023.4,2026
6225.0,2025.8,2030
6230.0,2028.3,2030
6235.0,2030.1,2031
6240.0,2032.0,2036
6245.0,2034.4,2036
6250.0,2036.4,2040
6255.0,2038.2,2040
6260.0,2039.7,2041
6265.0,2041.1,2044
6270.0,2042.8,2044
6275.0,2044.6,2047
6280.0,2046.1,2047
6285.0,2048.5,2050
6290.0,2049.7,2052
6295.0,2051.3,2053
6300.0,2053.2,2055
6305.0,2055.3,2057
6310.0,2057.4,2060
6315.0,2059.2,2062
6320.0,2060.4,2062
6325.0,2061.4,2063
6330.0,2062.8,2064
6335.0,2064.6,2067
6340.0,2067.0,2069
6345.0,2068.7,2070
6350.0,2070.1,2071
6355.0,2071.5,2073
6360.0,2072.7,2074
6365.0,2074.8,2077
6370.0,2076.6,2078
6375.0,2078.3,2080
6380.0,2079.7,2082
6385.0,2080.9,2083
6390.0,2082.1,2084
6395.0,2084.1,2087
6400.0,2085.9,2089
6405.0,2087.6,2089
6410.0,2088.8,2090
6415.0,2090.2,2091
6420.0,2091.4,2093
6425.0,2093.0,2095
6430.0,2095.4,2097
6435.0,2097.2,2100
6440.0,2098.9,2100
6445.0,2100.1,2102
6450.0,2101.5,2104
6455.0,2103.5,2105
6460.0,2105.9,2108
6465.0,2107.7,2109
6470.0,2109.0,2111
6475.0,2110.4,2113
6480.0,2111.8,2113
6485.0,2113.2,2116
6490.0,2115.6,2118
6495.0,2117.4,2119
6500.0,2118.4,2121
6505.0,2119.8,2121
6510.0,2121.0,2122
6515.0,2122.4,2124
6520.0,2124.5,2126
6525.0,2126.6,2128
6530.0,2128.1,2130
6535.0,2129.7,2130
6540.0,2131.1,2132
6545.0,2132.5,2134
6550.0,2134.5,2138
6555.0,2136.3,2138
6560.0,2138.1,2140
6565.0,2139.3,2140
6570.0,2140.3,2142
6575.0,2141.7,2144
6580.0,2143.6,2145
6585.0,2145.4,2147
6590.0,2147.7,2150
6595.0,2148.9,2150
6600.0,2150.3,2152
6605.0,2151.7,2154
6610.0,2153.1,2154
6615.0,2155.2,2157
6620.0,2157.3,2160
6625.0,2158.7,2160
6630.0,2160.3,2162
6635.0,2161.7,2164
6640.0,2163.0,2164
6645.0,2165.1,2167
6650.0,2167.2,2169
6655.0,2168.4,2169
6660.0,2169.8,2171
6665.0,2171.2,2173
6670.0,2172.6,2174
6675.0,2174.2,2175
6680.0,2174.8,2176
6685.0,2174.8,2176
6690.0,2174.8,2176
6695.0,2174.8,2176
6700.0,2174.8,2176
6705.0,2176.8,2179
6710.0,2178.6,2180
6715.0,2180.4,2183
6720.0,2180.4,2183
6725.0,2180.4,2183
6730.0,2180.4,2183
6735.0,2183.2,2187
6740.0,2185.6,2187
6745.0,2188.0,2191
6750.0,2191.4,2196
6755.0,2194.9,2197
6760.0,2197.4,2201
6765.0,2200.2,2202
6770.0,2203.0,2205
6775.0,2205.4,2209
6780.0,2208.5,2211
6785.0,2211.5,2215
6790.0,2214.9,2217
6795.0,2217.5,2222
6800.0,2219.9,2222
6805.0,2221.4,2223
6810.0,2223.0,2226
6815.0,2224.8,2226
6820.0,2227.2,2229
6825.0,2228.4,2230
6830.0,2229.6,2231
6835.0,2231.0,2233
6840.0,2232.6,2234
6845.0,2234.4,2236
6850.0,2236.8,2239
6855.0,2238.2,2240
6860.0,2239.6,2241
6865.0,2240.8,2243
6870.0,2242.2,2244
6875.0,2244.1,2246
6880.0,2246.2,2248
6885.0,2247.8,2250
6890.0,2248.4,2250
6895.0,2250.0,2252
6900.0,2251.2,2252
6905.0,2253.1,2255
6910.0,2254.9,2257
6915.0,2256.7,2258
6920.0,2258.1,2260
6925.0,2259.5,2260
6930.0,2260.9,2262
6935.0,2262.5,2265
6940.0,2264.6,2265
6945.0,2266.7,2268
6950.0,2269.0,2271
6955.0,2270.4,2272
6960.0,2271.6,2273
6965.0,2273.0,2275
6970.0,2275.1,2279
6975.0,2277.2,2279
6980.0,2278.7,2281
6985.0,2279.7,2281
6990.0,2280.9,2283
6995.0,2281.8,2283
7000.0,2283.6,2286
7005.0,2286.0,2289
7010.0,2287.8,2289
7015.0,2288.8,2290
7020.0,2290.2,2291
7025.0,2291.7,2293
7030.0,2293.5,2295
7035.0,2295.3,2296
7040.0,2297.4,2299
7045.0,2299.1,2302
7050.0,2299.9,2302
7055.0,2301.6,2304
7060.0,2303.4,2305
7065.0,2305.5,2307
7070.0,2307.3,2309
7075.0,2309.2,2310
7080.0,2310.4,2312
7085.0,2311.7,2314
7090.0,2313.8,2315
7095.0,2315.9,2318
7100.0,2317.7,2320
7105.0,2319.4,2320
7110.0,2320.8,2322
7115.0,2321.9,2322
7120.0,2324.0,2325
7125.0,2325.8,2328
7130.0,2327.6,2328
7135.0,2329.2,2330
7140.0,2330.5,2332
7145.0,2331.6,2332
7150.0,2333.7,2336
7155.0,2335.8,2338
7160.0,2337.6,2339
7165.0,2339.3,2341
7170.0,2340.5,2342
7175.0,2341.9,2343
7180.0,2343.3,2346
7185.0,2345.4,2346
7190.0,2347.5,2349
7195.0,2348.9,2351
7200.0,2350.1,2351
7205.0,2351.5,2353
7210.0,2353.4,2357
7215.0,2355.5,2357
7220.0,2357.6,2360
7225.0,2359.1,2362
7230.0,2360.3,2362
7235.0,2361.7,2364
7240.0,2363.1,2365
7245.0,2365.2,2367
7250.0,2367.0,2369
7255.0,2368.9,2370
7260.0,2370.1,2371
7265.0,2371.5,2373
7270.0,2373.0,2376
7275.0,2374.8,2378
7280.0,2376.6,2378
7285.0,2378.0,2380
7290.0,2379.2,2380
7295.0,2380.6,2382
7300.0,2381.9,2385
7305.0,2383.4,2385
7310.0,2385.2,2387
7315.0,2387.3,2388
7320.0,2388.7,2390
7325.0,2389.9,2391
7330.0,2391.3,2392
7335.0,2393.1,2396
7340.0,2395.2,2398
7345.0,2397.3,2399
7350.0,2399.0,2400
7355.0,2400.8,2402
7360.0,2402.4,2405
7365.0,2403.5,2405
7370.0,2405.0,2405
7375.0,2406.8,2408
7380.0,2408.2,2410
7385.0,2409.4,2410
7390.0,2410.6,2412
7395.0,2412.3,2413
7400.0,2414.4,2416
7405.0,2416.5,2419
7410.0,2418.4,2419
7415.0,2419.8,2421
7420.0,2421.2,2423
7425.0,2422.8,2424
7430.0,2424.9,2427
7435.0,2427.0,2430
7440.0,2429.1,2430
7445.0,2430.4,2432
7450.0,2431.6,2434
7455.0,2433.2,2435
7460.0,2435.0,2437
7465.0,2437.4,2439
7470.0,2438.5,2440
7475.0,2439.9,2442
7480.0,2441.1,2443
7485.0,2442.5,2444
7490.0,2444.3,2446
7495.0,2446.1,2448
7500.0,2448.4,2450
7505.0,2449.6,2451
7510.0,2450.8,2452
7515.0,2452.7,2454
7520.0,2454.8,2458
7525.0,2456.6,2458
7530.0,2458.3,2460
7535.0,2459.5,2462
7540.0,2460.9,2462
7545.0,2462.5,2465
7550.0,2464.0,2467
7555.0,2465.8,2467
7560.0,2467.6,2470
7565.0,2469.2,2470
7570.0,2470.6,2472
7575.0,2471.8,2474
7580.0,2473.9,2475
7585.0,2476.0,2478
7590.0,2478.1,2480
7595.0,2479.3,2481
7600.0,2480.7,2482
7605.0,2481.9,2484
7610.0,2483.7,2485
7615.0,2485.5,2487
7620.0,2487.6,2489
7625.0,2489.1,2490
7630.0,2490.7,2492
7635.0,2491.7,2494
7640.0,2493.6,2496
7645.0,2495.4,2497
7650.0,2497.4,2500
7655.0,2498.6,2500
7660.0,2499.8,2501
7665.0,2501.2,2503
7670.0,2502.1,2504
7675.0,2504.2,2508
7680.0,2504.2,2508
7685.0,2504.2,2508
7690.0,2504.2,2508
7695.0,2504.2,2508
7700.0,2504.2,2508
7705.0,2504.2,2508
7710.0,2504.2,2508
7715.0,2504.2,2508
7720.0,2504.2,2508
7725.0,2504.5,2508
7730.0,2506.0,2508
7735.0,2509.0,2513
7740.0,2511.8,2513
7745.0,2514.3,2518
7750.0,2517.3,2520
7755.0,2519.8,2523
7760.0,2523.3,2528
7765.0,2526.8,2528
7770.0,2529.4,2534
7775.0,2533.7,2539
7780.0,2537.2,2539
7785.0,2540.7,2544
7790.0,2543.7,2549
7795.0,2547.2,2552
7800.0,2550.6,2554
7805.0,2553.1,2557
7810.0,2555.8,2557
7815.0,2557.9,2560
7820.0,2559.3,2562
7825.0,2560.7,2562
7830.0,2561.9,2564
7835.0,2563.7,2566
7840.0,2565.2,2566
7845.0,2567.7,2570
7850.0,2569.1,2571
7855.0,2570.5,2572
7860.0,2571.7,2574
7865.0,2573.1,2575
7870.0,2575.2,2577
7875.0,2577.3,2579
7880.0,2578.8,2580
7885.0,2580.0,2581
7890.0,2581.0,2583
7895.0,2582.6,2585
7900.0,2584.7,2586
7905.0,2586.5,2589
7910.0,2588.3,2590
7915.0,2589.5,2591
7920.0,2591.1,2593
7925.0,2592.3,2594
7930.0,2594.4,2596
7935.0,2596.5,2599
7940.0,2598.1,2600
7945.0,2599.6,2601
7950.0,2601.0,2603
7955.0,2602.4,2604
7960.0,2604.4,2606
7965.0,2606.5,2608
7970.0,2608.2,2610
7975.0,2609.4,2610
7980.0,2610.8,2612
7985.0,2612.0,2614
7990.0,2613.9,2615
7995.0,2615.7,2618
8000.0,2617.9,2620
8005.0,2619.1,2620
8010.0,2620.7,2622
8015.0,2621.7,2623
8020.0,2623.3,2624
8025.0,2625.4,2627
8030.0,2627.5,2630
8035.0,2628.7,2630
8040.0,2630.1,2631
8045.0,2631.3,2634
8050.0,2632.6,2634
8055.0,2634.4,2637
8060.0,2636.5,2638
8065.0,2638.2,2640
8070.0,2639.6,2642
8075.0,2640.6,2642
8080.0,2642.2,2644
8085.0,2644.0,2646
8090.0,2645.8,2648
8095.0,2648.1,2649
8100.0,2649.1,2652
8105.0,2650.1,2652
8110.0,2651.3,2653
8115.0,2653.1,2655
8120.0,2655.2,2656
8125.0,2657.0,2659
8130.0,2658.8,2660
8135.0,2660.2,2662
8140.0,2661.4,2663
8145.0,2663.4,2664
8150.0,2665.5,2667
8155.0,2667.6,2670
8160.0,2669.4,2672
8165.0,2671.0,2672
8170.0,2672.2,2674
8175.0,2674.0,2677
8180.0,2676.1,2677
8185.0,2677.8,2679
8190.0,2679.2,2681
8195.0,2680.6,2681
8200.0,2682.0,2683
8205.0,2683.3,2686
8210.0,2685.7,2686
8215.0,2687.5,2689
8220.0,2688.5,2690
8225.0,2689.9,2691
8230.0,2691.3,2693
8235.0,2692.7,2694
8240.0,2694.5,2696
8245.0,2696.6,2698
8250.0,2698.0,2700
8255.0,2699.4,2700
8260.0,2700.6,2702
8265.0,2702.2,2704
8270.0,2704.2,2705
8275.0,2706.3,2707
8280.0,2707.9,2710
8285.0,2709.1,2710
8290.0,2710.3,2712
8295.0,2711.7,2714
8300.0,2713.3,2715
8305.0,2715.1,2717
8310.0,2717.2,2720
8315.0,2718.6,2720
8320.0,2720.0,2722
8325.0,2721.6,2724
8330.0,2723.3,2725
8335.0,2725.1,2728
8340.0,2727.2,2729
8345.0,2728.6,2730
8350.0,2730.2,2732
8355.0,2731.4,2733
8360.0,2733.2,2735
8365.0,2735.0,2737
8370.0,2736.5,2738
8375.0,2738.0,2740
8380.0,2739.4,2741
8385.0,2740.4,2742
8390.0,2741.7,2744
8395.0,2743.8,2746
8400.0,2745.3,2747
8405.0,2747.1,2749
8410.0,2748.8,2751
8415.0,2750.2,2752
8420.0,2751.4,2754
8425.0,2753.2,2754
8430.0,2755.0,2757
8435.0,2756.8,2759
8440.0,2759.1,2760
8445.0,2760.5,2762
8450.0,2761.7,2763
8455.0,2763.7,2765
8460.0,2765.8,2768
8465.0,2767.9,2770
8470.0,2769.4,2770
8475.0,2770.6,2772
8480.0,2771.8,2774
8485.0,2773.7,2775
8490.0,2775.5,2778
8495.0,2777.3,2779
8500.0,2778.7,2780
8505.0,2779.9,2782
8510.0,2781.3,2782
8515.0,2782.8,2785
8520.0,2784.9,2788
8525.0,2787.0,2788
8530.0,2788.5,2790
8535.0,2789.7,2790
8540.0,2791.1,2792
8545.0,2792.7,2795
8550.0,2794.5,2797
8555.0,2796.0,2798
8560.0,2797.8,2800
8565.0,2799.3,2802
8570.0,2800.7,2802
8575.0,2801.9,2805
8580.0,2803.7,2805
8585.0,2805.8,2808
8590.0,2807.9,2810
8595.0,2809.4,2810
8600.0,2810.8,2812
8605.0,2812.0,2814
8610.0,2813.8,2815
8615.0,2815.6,2818
8620.0,2817.4,2818
8625.0,2819.0,2820
8630.0,2820.2,2822
8635.0,2821.6,2822
8640.0,2823.3,2825
8645.0,2825.4,2829
8650.0,2827.5,2829
8655.0,2829.0,2831
8660.0,2830.2,2832
8665.0,2831.8,2833
8670.0,2833.5,2836
8675.0,2835.6,2839
8680.0,2835.6,2839
8685.0,2835.6,2839
8690.0,2835.6,2839
8695.0,2835.6,2839
8700.0,2835.6,2839
8705.0,2835.6,2839
8710.0,2835.6,2839
8715.0,2836.6,2839
8720.0,2838.6,2840
8725.0,2841.7,2844
8730.0,2844.1,2847
8735.0,2846.5,2848
8740.0,2848.9,2852
8745.0,2851.1,2853
8750.0,2855.1,2858
8755.0,2857.8,2862
8760.0,2860.6,2863
8765.0,2863.0,2865
8770.0,2865.8,2869
8775.0,2868.5,2871
8780.0,2872.0,2875
8785.0,2875.3,2878
8790.0,2877.7,2880
8795.0,2879.5,2882
8800.0,2880.7,2882
8805.0,2882.2,2884
8810.0,2884.0,2887
8815.0,2885.8,2888
8820.0,2887.3,2890
8825.0,2889.3,2892
8830.0,2890.5,2892
8835.0,2892.1,2895
8840.0,2893.9,2898
8845.0,2895.7,2898
8850.0,2897.8,2900
8855.0,2899.7,2902
8860.0,2901.1,2903
8865.0,2902.5,2905
8870.0,2904.6,2908
8875.0,2906.4,2908
8880.0,2907.9,2910
8885.0,2909.1,2910
8890.0,2910.5,2912
8895.0,2911.9,2914
8900.0,2913.4,2915
8905.0,2915.2,2918
8910.0,2917.0,2920
8915.0,2918.6,2920
8920.0,2919.4,2921
8925.0,2920.7,2922
8930.0,2922.5,2926
8935.0,2924.3,2926
8940.0,2925.8,2929
8945.0,2927.9,2930
8950.0,2929.7,2931
8955.0,2930.9,2933
8960.0,2932.7,2934
8965.0,2934.8,2937
8970.0,2936.6,2939
8975.0,2938.4,2940
8980.0,2940.0,2942
8985.0,2941.2,2942
8990.0,2942.7,2945
8995.0,2944.5,2948
9000.0,2946.0,2948
9005.0,2947.8,2950
9010.0,2949.3,2950
9015.0,2950.6,2953
9020.0,2951.8,2953
9025.0,2953.6,2956
9030.0,2953.9,2956
9035.0,2955.4,2959
9040.0,2956.6,2959
9045.0,2958.8,2962
9050.0,2961.5,2963
9055.0,2963.6,2966
9060.0,2965.7,2968
9065.0,2967.5,2969
9070.0,2969.3,2972
9075.0,2971.1,2973
9080.0,2973.0,2976
9085.0,2975.4,2979
9090.0,2976.9,2979
9095.0,2978.7,2981
9100.0,2980.5,2982
9105.0,2982.4,2984
9110.0,2984.2,2987
9115.0,2985.7,2987
9120.0,2987.5,2989
9125.0,2989.0,2990
9130.0,2990.6,2992
9135.0,2992.2,2995
9140.0,2994.3,2997
9145.0,2996.1,2997
9150.0,2997.9,3000
9155.0,2999.3,3000
9160.0,3000.5,3002
9165.0,3002.3,3006
9170.0,3004.4,3006
9175.0,3006.2,3009
9180.0,3008.0,3009
9185.0,3009.5,3011
9190.0,3010.9,3013
9195.0,3012.3,3014
9200.0,3014.4,3017
9205.0,3016.2,3018
9210.0,3018.3,3020
9215.0,3019.6,3022
9220.0,3020.8,3022
9225.0,3022.3,3024
9230.0,3024.1,3026
9235.0,3025.9,3028
9240.0,3028.0,3030
9245.0,3029.2,3032
9250.0,3030.2,3032
9255.0,3031.7,3033
9260.0,3033.8,3036
9265.0,3035.9,3038
9270.0,3037.4,3039
9275.0,3038.7,3040
9280.0,3040.1,3042
9285.0,3041.4,3044
9290.0,3043.2,3045
9295.0,3045.0,3048
9300.0,3047.1,3050
9305.0,3048.9,3050
9310.0,3050.3,3052
9315.0,3051.5,3052
9320.0,3053.8,3055
9325.0,3055.6,3058
9330.0,3058.0,3060
9335.0,3059.4,3060
9340.0,3060.6,3062
9345.0,3062.0,3064
9350.0,3063.9,3065
9355.0,3066.0,3068
9360.0,3068.0,3070
9365.0,3069.6,3070
9370.0,3070.8,3072
9375.0,3072.2,3074
9380.0,3074.0,3075
9385.0,3076.1,3078
9390.0,3077.5,3080
9395.0,3078.9,3080
9400.0,3080.1,3082
9405.0,3081.3,3083
9410.0,3082.9,3085
9415.0,3084.7,3087
9420.0,3086.5,3088
9425.0,3088.2,3090
9430.0,3089.6,3091
9435.0,3090.6,3092
9440.0,3092.1,3095
9445.0,3093.6,3095
9450.0,3095.4,3098
9455.0,3096.9,3099
9460.0,3098.8,3100
9465.0,3100.0,3102
9470.0,3101.1,3103
9475.0,3102.6,3105
9480.0,3104.4,3108
9485.0,3106.2,3109
9490.0,3108.3,3110
9495.0,3109.8,3111
9500.0,3111.2,3113
9505.0,3113.0,3116
9510.0,3114.8,3116
9515.0,3116.9,3119
9520.0,3118.4,3120
9525.0,3119.7,3121
9530.0,3121.2,3122
9535.0,3122.7,3124
9540.0,3124.8,3127
9545.0,3126.6,3128
9550.0,3128.1,3131
9555.0,3130.0,3131
9560.0,3131.8,3134
9565.0,3133.3,3136
9570.0,3135.1,3137
9575.0,3137.2,3140
9580.0,3139.0,3141
9585.0,3140.6,3142
9590.0,3142.2,3144
9595.0,3144.3,3147
9600.0,3146.7,3147
9605.0,3148.8,3150
9610.0,3150.0,3152
9615.0,3151.4,3152
9620.0,3152.8,3154
9625.0,3154.6,3156
9630.0,3156.1,3158
9635.0,3156.1,3158
9640.0,3156.1,3158
9645.0,3156.1,3158
9650.0,3156.1,3158
9655.0,3156.1,3158
9660.0,3156.1,3158
9665.0,3156.1,3158
9670.0,3158.3,3161
9675.0,3160.3,3166
9680.0,3160.3,3166
9685.0,3160.3,3166
9690.0,3160.3,3166
9695.0,3160.3,3166
9700.0,3160.3,3166
9705.0,3160.3,3166
9710.0,3160.3,3166
9715.0,3160.3,3166
9720.0,3160.3,3166
9725.0,3160.3,3166
9730.0,3160.3,3166
9735.0,3160.3,3166
9740.0,3160.3,3166
9745.0,3165.2,3171
9750.0,3169.4,3178
9755.0,3174.3,3178
9760.0,3179.2,3185
9765.0,3180.6,3185
9770.0,3186.6,3189
9775.0,3190.4,3195
9780.0,3194.3,3199
9785.0,3199.2,3206
9790.0,3203.4,3208
9795.0,3208.6,3212
9800.0,3214.2,3222
9805.0,3218.6,3226
9810.0,3223.5,3229
9815.0,3227.6,3231
9820.0,3230.6,3232
9825.0,3231.8,3234
9830.0,3233.9,3237
9835.0,3235.7,3237
9840.0,3237.5,3240
9845.0,3239.4,3242
9850.0,3240.8,3242
9855.0,3242.4,3245
9860.0,3244.5,3247
9865.0,3246.0,3248
9870.0,3248.1,3250
9875.0,3249.8,3251
9880.0,3251.2,3252
9885.0,3252.6,3254
9890.0,3254.4,3256
9895.0,3256.2,3257
9900.0,3257.8,3260
9905.0,3259.4,3261
9910.0,3260.6,3262
9915.0,3262.0,3263
9920.0,3264.0,3266
9925.0,3265.5,3267
9930.0,3267.3,3268
9935.0,3268.7,3270
9940.0,3269.9,3271
9945.0,3271.3,3272
9950.0,3272.7,3275
9955.0,3274.8,3276
9960.0,3276.6,3278
9965.0,3278.2,3280
9970.0,3279.4,3280
9975.0,3279.8,3280
9980.0,3281.3,3283
9985.0,3283.4,3287
9990.0,3285.5,3287
9995.0,3287.0,3290
10000.0,3288.5,3290
10005.0,3289.8,3291
10010.0,3291.6,3294
10015.0,3293.4,3295
10020.0,3295.2,3298
10025.0,3296.7,3298
10030.0,3298.5,3300
10035.0,3300.0,3301
10040.0,3301.8,3304
10045.0,3303.6,3306
10050.0,3305.4,3307
10055.0,3306.9,3309
10060.0,3308.7,3312
10065.0,3309.9,3312
10070.0,3311.5,3314
10075.0,3313.9,3315
10080.0,3315.4,3318
10085.0,3317.8,3321
10090.0,3319.8,3321
10095.0,3321.0,3323
10100.0,3322.6,3325
10105.0,3324.1,3326
10110.0,3326.2,3329
10115.0,3328.0,3330
10120.0,3329.7,3332
10125.0,3330.8,3334
10130.0,3332.6,3334
10135.0,3334.4,3337
10140.0,3336.2,3339
10145.0,3337.7,3340
10150.0,3338.9,3341
10155.0,3340.1,3342
10160.0,3341.7,3345
10165.0,3343.8,3346
10170.0,3345.3,3348
10175.0,3346.8,3349
10180.0,3348.3,3350
10185.0,3349.8,3351
10190.0,3351.7,3354
10195.0,3353.2,3357
10200.0,3355.0,3357
10205.0,3356.8,3359
10210.0,3358.8,3360
10215.0,3360.2,3361
10220.0,3361.6,3364
10225.0,3363.7,3366
10230.0,3365.5,3369
10235.0,3367.3,3370
10240.0,3369.1,3370
10245.0,3370.5,3372
10250.0,3371.9,3373
10255.0,3373.4,3376
10260.0,3375.2,3376
10265.0,3376.7,3379
10270.0,3378.5,3380
10275.0,3379.8,3382
10280.0,3381.6,3383
10285.0,3383.4,3385
10290.0,3384.9,3388
10295.0,3386.4,3388
10300.0,3387.9,3391
10305.0,3389.9,3391
10310.0,3391.4,3394
10315.0,3393.2,3395
10320.0,3395.0,3398
10325.0,3396.8,3399
10330.0,3398.6,3400
10335.0,3401.0,3404
10340.0,3403.2,3404
10345.0,3404.9,3407
10350.0,3407.0,3410
10355.0,3408.8,3410
10360.0,3410.5,3412
10365.0,3411.9,3414
10370.0,3414.0,3415
10375.0,3416.4,3418
10380.0,3418.2,3420
10385.0,3419.8,3420
10390.0,3421.0,3422
10395.0,3422.2,3424
10400.0,3424.3,3426
10405.0,3426.1,3429
10410.0,3428.0,3430
10415.0,3429.2,3431
10420.0,3430.6,3432
10425.0,3432.0,3434
10430.0,3433.9,3435
10435.0,3435.7,3438
10440.0,3437.8,3440
10445.0,3439.2,3440
10450.0,3440.4,3442
10455.0,3441.6,3444
10460.0,3443.4,3445
10465.0,3445.2,3448
10470.0,3447.3,3450
10475.0,3448.8,3450
10480.0,3450.0,3452
10485.0,3451.2,3452
10490.0,3452.9,3454
10495.0,3455.0,3457
10500.0,3456.5,3458
10505.0,3458.4,3460
10510.0,3459.8,3461
10515.0,3461.2,3462
10520.0,3462.7,3464
10525.0,3464.8,3467
10530.0,3466.6,3468
10535.0,3468.4,3470
10540.0,3469.8,3471
10545.0,3471.2,3474
10550.0,3472.4,3474
10555.0,3474.4,3478
10560.0,3476.2,3478
10565.0,3477.8,3479
10570.0,3479.0,3482
10575.0,3480.4,3482
10580.0,3481.8,3484
10585.0,3483.4,3486
10590.0,3485.2,3486
10595.0,3487.3,3489
10600.0,3488.8,3490
10605.0,3490.2,3491
10610.0,3491.4,3493
10615.0,3492.8,3495
10620.0,3494.3,3496
10625.0,3496.1,3499
10630.0,3497.9,3499
10635.0,3499.3,3501
10640.0,3500.3,3501
10645.0,3502.1,3504
10650.0,3504.2,3507
10655.0,3506.6,3509
10660.0,3508.4,3510
10665.0,3509.6,3511
10670.0,3511.0,3513
10675.0,3512.9,3515
10680.0,3514.4,3517
10685.0,3516.8,3520
10690.0,3518.6,3520
10695.0,3519.9,3521
10700.0,3521.3,3524
10705.0,3522.7,3524
10710.0,3524.8,3528
10715.0,3526.6,3529
10720.0,3528.4,3530
10725.0,3529.4,3532
10730.0,3530.6,3532
10735.0,3531.8,3534
10740.0,3533.5,3536
10745.0,3535.3,3537
10750.0,3537.1,3539
10755.0,3538.5,3539
10760.0,3540.1,3541
10765.0,3541.3,3543
10770.0,3543.0,3544
10775.0,3544.8,3547
10780.0,3546.6,3550
10785.0,3548.8,3550
10790.0,3549.8,3552
10795.0,3551.2,3553
10800.0,3553.2,3555
10805.0,3555.3,3557
10810.0,3556.8,3559
10815.0,3558.8,3560
10820.0,3560.0,3562
10825.0,3561.2,3562
10830.0,3563.0,3564
10835.0,3564.8,3567
10840.0,3566.6,3568
10845.0,3568.4,3570
10850.0,3569.8,3572
10855.0,3571.2,3572
10860.0,3573.0,3575
10865.0,3574.8,3579
10870.0,3576.9,3579
10875.0,3578.7,3581
10880.0,3580.1,3582
10885.0,3581.5,3583
10890.0,3583.1,3585
10895.0,3585.2,3588
10900.0,3587.0,3588
10905.0,3588.7,3590
10910.0,3589.9,3592
10915.0,3591.1,3592
10920.0,3592.6,3594
10925.0,3594.4,3597
10930.0,3596.2,3598
10935.0,3597.6,3600
10940.0,3599.0,3600
10945.0,3600.2,3602
10950.0,3601.4,3604
10955.0,3603.2,3605
10960.0,3605.3,3607
10965.0,3607.4,3609
10970.0,3608.5,3610
10975.0,3609.7,3612
10980.0,3610.7,3612
10985.0,3612.5,3615
10990.0,3614.6,3615
10995.0,3616.7,3618
11000.0,3618.8,3621
11005.0,3620.1,3621
11010.0,3621.3,3622
11015.0,3623.1,3626
11020.0,3625.2,3627
11025.0,3627.3,3630
11030.0,3629.1,3631
11035.0,3629.3,3631
11040.0,3629.3,3631
11045.0,3629.3,3631
11050.0,3629.3,3631
11055.0,3629.3,3631
11060.0,3629.3,3631
11065.0,3629.3,3631
11070.0,3629.3,3631
11075.0,3629.3,3631
11080.0,3629.3,3631
11085.0,3629.3,3631
11090.0,3630.8,3635
11095.0,3633.8,3640
11100.0,3637.3,3640
11105.0,3640.8,3645
11110.0,3643.8,3648
11115.0,3647.7,3650
11120.0,3651.7,3655
11125.0,3654.7,3659
11130.0,3658.2,3660
11135.0,3661.7,3665
11140.0,3664.7,3669
11145.0,3667.8,3670
11150.0,3670.3,3675
11155.0,3672.8,3675
11160.0,3676.3,3680
11165.0,3679.8,3681
11170.0,3681.2,3682
11175.0,3683.0,3684
11180.0,3685.1,3687
11185.0,3687.2,3689
11190.0,3688.8,3690
11195.0,3689.8,3692
11200.0,3691.0,3692
11205.0,3692.4,3695
11210.0,3694.5,3697
11215.0,3696.6,3698
11220.0,3698.6,3700
11225.0,3700.0,3702
11230.0,3701.2,3702
11235.0,3702.7,3704
11240.0,3704.8,3708
11245.0,3706.6,3708
11250.0,3708.2,3710
11255.0,3709.6,3711
11260.0,3711.0,3712
11265.0,3712.0,3714
11270.0,3714.1,3716
11275.0,3716.2,3718
11280.0,3718.3,3720
11285.0,3719.5,3722
11290.0,3720.9,3722
11295.0,3722.3,3724
11300.0,3724.4,3727
11305.0,3726.2,3729
11310.0,3727.9,3729
11315.0,3729.1,3731
11320.0,3730.3,3731
11325.0,3731.7,3733
11330.0,3733.5,3736
11335.0,3735.6,3737
11340.0,3737.5,3739
11345.0,3738.7,3740
11350.0,3739.9,3741
11355.0,3741.3,3743
11360.0,3742.9,3745
11365.0,3745.3,3746
11370.0,3746.8,3749
11375.0,3748.4,3751
11380.0,3749.8,3751
11385.0,3751.2,3753
11390.0,3752.5,3755
11395.0,3754.3,3756
11400.0,3756.4,3758
11405.0,3758.2,3760
11410.0,3759.6,3761
11415.0,3761.0,3762
11420.0,3762.4,3764
11425.0,3764.4,3766
11430.0,3765.9,3768
11435.0,3767.6,3768
11440.0,3769.1,3770
11445.0,3770.1,3772
11450.0,3771.3,3772
11455.0,3772.9,3775
11460.0,3775.3,3779
11465.0,3777.1,3779
11470.0,3778.7,3781
11475.0,3779.9,3782
11480.0,3781.1,3782
11485.0,3781.9,3783
11490.0,3783.7,3786
11495.0,3785.5,3788
11500.0,3787.6,3789
11505.0,3789.2,3790
11510.0,3790.8,3792
11515.0,3792.9,3796
11520.0,3794.7,3796
11525.0,3797.1,3799
11530.0,3798.8,3802
11535.0,3800.4,3802
11540.0,3801.8,3803
11545.0,3803.4,3806
11550.0,3805.2,3807
11555.0,3807.3,3809
11560.0,3808.7,3811
11565.0,3810.1,3811
11570.0,3811.3,3813
11575.0,3812.4,3814
11580.0,3814.5,3817
11585.0,3816.9,3818
11590.0,3818.2,3821
11595.0,3819.8,3821
11600.0,3821.2,3822
11605.0,3822.4,3824
11610.0,3824.5,3826
11615.0,3826.3,3829
11620.0,3828.1,3830
11625.0,3829.3,3831
11630.0,3830.7,3833
11635.0,3831.9,3833
11640.0,3833.5,3836
11645.0,3835.3,3838
11650.0,3836.8,3839
11655.0,3838.2,3840
11660.0,3839.4,3841
11665.0,3840.8,3843
11670.0,3842.2,3845
11675.0,3844.0,3846
11680.0,3846.1,3848
11685.0,3848.2,3851
11690.0,3849.3,3851
11695.0,3850.7,3852
11700.0,3852.6,3854
11705.0,3854.4,3856
11710.0,3856.5,3859
11715.0,3858.6,3860
11720.0,3859.8,3861
11725.0,3861.0,3862
11730.0,3861.4,3863
11735.0,3861.4,3863
11740.0,3861.7,3865
11745.0,3861.7,3865
11750.0,3861.7,3865
11755.0,3861.7,3865
11760.0,3862.1,3865
11765.0,3864.9,3869
11770.0,3867.3,3870
11775.0,3869.7,3872
11780.0,3872.7,3878
11785.0,3875.1,3878
11790.0,3877.5,3881
11795.0,3879.9,3882
11800.0,3882.3,3886
11805.0,3885.1,3888
11810.0,3888.4,3890
11815.0,3890.8,3894
11820.0,3893.2,3898
11825.0,3896.0,3898
11830.0,3898.8,3901
11835.0,3901.6,3903
11840.0,3903.6,3905
11845.0,3905.1,3907
11850.0,3907.2,3910
11855.0,3908.7,3910
11860.0,3909.7,3912
11865.0,3910.9,3912
11870.0,3913.1,3915
11875.0,3915.2,3918
11880.0,3917.3,3919
11885.0,3919.0,3920
11890.0,3920.2,3921
11895.0,3921.4,3922
11900.0,3922.9,3924
11905.0,3924.7,3927
11910.0,3926.5,3928
11915.0,3928.3,3930
11920.0,3929.8,3931
11925.0,3931.2,3932
11930.0,3932.8,3935
11935.0,3935.2,3937
11940.0,3937.0,3938
11945.0,3938.4,3940
11950.0,3939.6,3942
11955.0,3941.0,3942
11960.0,3942.0,3944
11965.0,3944.1,3945
11970.0,3945.6,3948
11975.0,3947.4,3949
11980.0,3948.8,3950
11985.0,3950.0,3951
11990.0,3951.3,3953
11995.0,3953.4,3955
12000.0,3955.2,3958
12005.0,3957.0,3959
12010.0,3958.9,3961
12015.0,3960.3,3963
12020.0,3961.7,3963
12025.0,3963.7,3966
12030.0,3965.5,3968
12035.0,3967.6,3969
12040.0,3969.2,3971
12045.0,3970.2,3971
12050.0,3971.2,3973
12055.0,3973.5,3976
12060.0,3975.3,3976
12065.0,3977.7,3979
12070.0,3978.6,3980
12075.0,3980.0,3981
12080.0,3981.2,3983
12085.0,3982.9,3984
12090.0,3984.7,3987
12095.0,3984.7,3987
12100.0,3984.7,3987
12105.0,3984.7,3987
12110.0,3984.7,3987
12115.0,3984.7,3987
12120.0,3984.7,3987
12125.0,3984.7,3987
12130.0,3984.7,3987
12135.0,3985.0,3987
12140.0,3986.1,3987
12145.0,3989.0,3992
12150.0,3991.8,3995
12155.0,3994.8,3997
12160.0,3997.8,4002
12165.0,4000.3,4006
12170.0,4003.3,4007
12175.0,4006.3,4010
12180.0,4009.5,4011
12185.0,4011.6,4015
12190.0,4015.1,4018
12195.0,4019.1,4021
12200.0,4022.1,4026
12205.0,4025.1,4028
12210.0,4027.9,4031
12215.0,4031.1,4034
12220.0,4034.0,4036
12225.0,4035.8,4038
12230.0,4037.6,4040
12235.0,4039.3,4042
12240.0,4040.5,4042
12245.0,4041.9,4044
12250.0,4043.8,4047
12255.0,4045.6,4047
12260.0,4047.6,4050
12265.0,4048.8,4050
12270.0,4050.4,4052
12275.0,4051.8,4054
12280.0,4053.2,4055
12285.0,4055.3,4058
12290.0,4057.1,4058
12295.0,4058.7,4062
12300.0,4060.1,4062
12305.0,4061.5,4063
12310.0,4062.6,4066
12315.0,4064.4,4066
12320.0,4066.2,4069
12325.0,4068.0,4069
12330.0,4069.2,4071
12335.0,4070.6,4073
12340.0,4072.1,4073
12345.0,4074.2,4076
12350.0,4076.0,4078
12355.0,4077.8,4079
12360.0,4079.3,4081
12365.0,4080.7,4082
12370.0,4081.9,4083
12375.0,4083.7,4085
12380.0,4085.5,4087
12385.0,4087.3,4089
12390.0,4088.8,4092
12395.0,4090.2,4092
12400.0,4091.4,4093
12405.0,4093.7,4096
12410.0,4095.8,4098
12415.0,4097.6,4099
12420.0,4099.0,4101
12425.0,4100.2,4102
12430.0,4101.4,4104
12435.0,4102.6,4104
12440.0,4104.7,4107
12445.0,4106.8,4109
12450.0,4108.8,4110
12455.0,4110.2,4112
12460.0,4111.6,4113
12465.0,4113.6,4117
12470.0,4115.7,4118
12475.0,4117.5,4120
12480.0,4119.4,4121
12485.0,4120.6,4122
12490.0,4122.0,4124
12495.0,4123.5,4125
12500.0,4125.6,4127
12505.0,4127.4,4130
12510.0,4128.7,4130
12515.0,4130.1,4132
12520.0,4131.3,4132
12525.0,4132.8,4134
12530.0,4134.9,4137
12535.0,4136.7,4139
12540.0,4138.1,4139
12545.0,4139.3,4142
12550.0,4140.7,4143
12555.0,4142.1,4144
12560.0,4143.9,4146
12565.0,4146.3,4148
12570.0,4148.2,4149
12575.0,4149.6,4151
12580.0,4151.0,4152
12585.0,4152.2,4153
12590.0,4153.9,4156
12595.0,4156.3,4158
12600.0,4158.2,4159
12605.0,4159.4,4160
12610.0,4160.8,4162
12615.0,4162.2,4164
12620.0,4163.8,4165
12625.0,4165.9,4169
12630.0,4168.0,4170
12635.0,4169.2,4171
12640.0,4170.4,4172
12645.0,4171.6,4173
12650.0,4172.7,4176
12655.0,4175.1,4178
12660.0,4177.2,4179
12665.0,4178.5,4180
12670.0,4179.9,4181
12675.0,4181.1,4183
12680.0,4181.7,4184
12685.0,4182.3,4185
12690.0,4182.3,4185
12695.0,4182.3,4185
12700.0,4182.3,4185
12705.0,4182.3,4185
12710.0,4182.3,4185
12715.0,4182.3,4185
12720.0,4182.3,4185
12725.0,4182.3,4185
12730.0,4183.3,4188
12735.0,4186.8,4191
12740.0,4189.8,4192
12745.0,4193.0,4196
12750.0,4195.8,4200
12755.0,4198.5,4201
12760.0,4202.0,4206
12765.0,4204.5,4206
12770.0,4208.5,4211
12775.0,4211.4,4214
12780.0,4213.8,4215
12785.0,4216.5,4220
12790.0,4219.0,4224
12795.0,4222.0,4225
12800.0,4225.5,4229
12805.0,4228.5,4230
12810.0,4230.4,4232
12815.0,4232.5,4235
12820.0,4234.3,4238
12825.0,4236.4,4239
12830.0,4238.2,4240
12835.0,4239.8,4241
12840.0,4241.2,4242
12845.0,4242.7,4245
12850.0,4244.8,4247
12855.0,4246.6,4248
12860.0,4248.4,4250
12865.0,4249.8,4251
12870.0,4250.8,4252
12875.0,4252.3,4255
12880.0,4254.4,4256
12885.0,4256.2,4258
12890.0,4257.8,4260
12895.0,4259.0,4260
12900.0,4260.4,4262
12905.0,4261.8,4264
12910.0,4263.6,4265
12915.0,4265.4,4268
12920.0,4267.8,4270
12925.0,4269.4,4270
12930.0,4270.4,4272
12935.0,4271.8,4272
12940.0,4274.1,4275
12945.0,4275.9,4278
12950.0,4277.7,4278
12955.0,4279.4,4280
12960.0,4280.6,4282
12965.0,4282.0,4284
12970.0,4283.7,4285
12975.0,4285.5,4288
12980.0,4287.3,4290
12985.0,4288.8,4290
12990.0,4290.0,4291
12995.0,4291.2,4292
13000.0,4292.9,4294
13005.0,4294.7,4297
13010.0,4296.8,4298
13015.0,4298.2,4300
13020.0,4299.4,4300
13025.0,4300.8,4302
13030.0,4302.2,4304
13035.0,4304.6,4307
13040.0,4306.4,4308
13045.0,4308.2,4310
13050.0,4309.6,4312
13055.0,4311.0,4312
13060.0,4312.2,4314
13065.0,4313.9,4318
13070.0,4316.0,4318
13075.0,4317.7,4320
13080.0,4318.7,4320
13085.0,4320.1,4322
13090.0,4321.3,4322
13095.0,4323.8,4326
13100.0,4325.5,4328
13105.0,4327.6,4329
13110.0,4329.0,4330
13115.0,4330.2,4332
13120.0,4331.4,4333
13125.0,4333.1,4335
13130.0,4335.2,4338
13135.0,4337.0,4340
13140.0,4338.2,4340
13145.0,4339.4,4340
13150.0,4340.2,4342
13155.0,4341.9,4343
13160.0,4344.0,4346
13165.0,4346.1,4349
13170.0,4347.9,4349
13175.0,4349.4,4351
13180.0,4351.0,4353
13185.0,4352.7,4354
13190.0,4354.8,4357
13195.0,4356.6,4360
13200.0,4358.4,4360
13205.0,4360.0,4362
13210.0,4361.2,4363
13215.0,4363.2,4365
13220.0,4365.0,4368
13225.0,4367.1,4368
13230.0,4368.7,4371
13235.0,4369.9,4372
13240.0,4371.1,4373
13245.0,4372.4,4375
13250.0,4374.5,4376
13255.0,4376.6,4379
13260.0,4378.7,4380
13265.0,4380.1,4382
13270.0,4381.3,4383
13275.0,4382.3,4385
13280.0,4384.4,4386
13285.0,4385.9,4388
13290.0,4387.7,4388
13295.0,4388.9,4391
13300.0,4390.3,4392
13305.0,4391.9,4393
13310.0,4394.0,4396
13315.0,4396.1,4398
13320.0,4398.2,4399
13325.0,4399.8,4401
13330.0,4401.2,4403
13335.0,4402.7,4404
13340.0,4404.8,4407
13345.0,4406.6,4410
13350.0,4408.1,4410
13355.0,4409.8,4412
13360.0,4411.0,4412
13365.0,4412.6,4415
13370.0,4414.4,4418
13375.0,4415.9,4418
13380.0,4417.7,4420
13385.0,4418.9,4420
13390.0,4420.1,4422
13395.0,4421.7,4425
13400.0,4423.8,4425
13405.0,4425.6,4428
13410.0,4427.4,4430
13415.0,4429.2,4430
13420.0,4430.4,4432
13425.0,4431.8,4433
13430.0,4434.2,4436
13435.0,4436.0,4439
13440.0,4438.1,4440
13445.0,4439.6,4440
13450.0,4441.0,4442
13455.0,4442.7,4446
13460.0,4444.2,4446
13465.0,4446.0,4448
13470.0,4447.8,4449
13475.0,4449.1,4451
13480.0,4450.3,4452
13485.0,4451.5,4453
13490.0,4453.5,4456
13495.0,4455.6,4458
13500.0,4457.7,4459
13505.0,4459.1,4461
13510.0,4460.5,4463
13515.0,4461.7,4463
13520.0,4463.3,4465
13525.0,4464.8,4466
13530.0,4466.3,4468
13535.0,4468.1,4470
13540.0,4469.4,4471
13545.0,4470.6,4472
13550.0,4472.9,4474
13555.0,4474.7,4477
13560.0,4476.8,4479
13565.0,4478.7,4479
13570.0,4480.1,4481
13575.0,4481.3,4483
13580.0,4482.9,4484
13585.0,4485.0,4487
13590.0,4486.8,4490
13595.0,4488.3,4490
13600.0,4489.8,4491
13605.0,4491.0,4492
13610.0,4492.2,4494
13615.0,4494.6,4499
13620.0,4496.7,4499
13625.0,4498.5,4501
13630.0,4499.7,4502
13635.0,4500.9,4503
13640.0,4502.5,4506
13645.0,4504.3,4507
13650.0,4506.1,4509
13655.0,4508.2,4510
13660.0,4509.5,4511
13665.0,4510.9,4513
13670.0,4512.2,4514
13675.0,4514.3,4516
13680.0,4514.6,4517
13685.0,4514.6,4517
13690.0,4514.6,4517
13695.0,4514.6,4517
13700.0,4514.6,4517
13705.0,4514.6,4517
13710.0,4514.6,4517
13715.0,4514.6,4517
13720.0,4514.6,4517
13725.0,4514.6,4517
13730.0,4514.6,4517
13735.0,4518.1,4520
13740.0,4521.0,4524
13745.0,4524.5,4531
13750.0,4528.0,4531
13755.0,4532.0,4536
13760.0,4535.5,4539
13765.0,4539.0,4541
13770.0,4542.1,4545
13775.0,4545.5,4550
13780.0,4549.0,4553
13785.0,4553.0,4555
13790.0,4556.0,4560
13795.0,4559.5,4564
13800.0,4562.3,4564
13805.0,4564.8,4568
13810.0,4566.4,4568
13815.0,4567.7,4569
13820.0,4569.1,4571
13825.0,4570.5,4573
13830.0,4571.9,4573
13835.0,4572.9,4575
13840.0,4575.0,4577
13845.0,4577.0,4578
13850.0,4578.4,4580
13855.0,4579.6,4581
13860.0,4581.0,4582
13865.0,4582.2,4584
13870.0,4584.2,4587
13875.0,4586.0,4588
13880.0,4588.1,4590
13885.0,4589.3,4592
13890.0,4590.7,4592
13895.0,4591.7,4594
13900.0,4593.2,4595
13905.0,4595.3,4597
13910.0,4597.1,4599
13915.0,4598.7,4600
13920.0,4600.1,4602
13925.0,4601.5,4604
13930.0,4602.7,4604
13935.0,4604.5,4607
13940.0,4606.0,4607
13945.0,4608.0,4609
13950.0,4609.2,4611
13955.0,4610.6,4611
13960.0,4612.0,4614
13965.0,4614.4,4617
13970.0,4616.5,4619
13975.0,4618.0,4620
13980.0,4619.6,4621
13985.0,4620.8,4622
13990.0,4622.0,4625
13995.0,4624.1,4625
14000.0,4625.9,4627
14005.0,4628.0,4630
14010.0,4629.4,4630
14015.0,4631.0,4632
14020.0,4632.6,4635
14025.0,4634.4,4635
14030.0,4636.5,4638
14035.0,4638.4,4640
14040.0,4639.8,4642
14045.0,4641.2,4642
14050.0,4642.6,4644
14055.0,4644.4,4645
14060.0,4646.2,4648
14065.0,4648.1,4650
14070.0,4649.5,4650
14075.0,4650.7,4652
14080.0,4652.1,4654
14085.0,4653.8,4655
14090.0,4655.9,4658
14095.0,4657.8,4660
14100.0,4659.0,4660
14105.0,4660.0,4662
14110.0,4661.4,4663
14115.0,4663.3,4665
14120.0,4665.1,4668
14125.0,4666.9,4669
14130.0,4668.3,4670
14135.0,4669.5,4672
14140.0,4670.7,4672
14145.0,4672.4,4675
14150.0,4674.2,4676
14155.0,4675.7,4677
14160.0,4677.8,4680
14165.0,4679.5,4681
14170.0,4680.7,4682
14175.0,4682.6,4684
14180.0,4684.4,4686
14185.0,4686.5,4689
14190.0,4688.3,4690
14195.0,4690.0,4692
14200.0,4691.2,4694
14205.0,4692.9,4694
14210.0,4694.7,4697
14215.0,4696.8,4700
14220.0,4698.6,4700
14225.0,4699.8,4702
14230.0,4700.8,4702
14235.0,4702.5,4705
14240.0,4704.6,4708
14245.0,4706.4,4708
14250.0,4708.5,4710
14255.0,4709.9,4712
14260.0,4711.1,4712
14265.0,4713.0,4715
14270.0,4714.2,4717
14275.0,4716.6,4718
14280.0,4718.1,4720
14285.0,4719.5,4722
14290.0,4721.1,4722
14295.0,4722.2,4725
14300.0,4724.0,4725
14305.0,4725.8,4727
14310.0,4727.6,4729
14315.0,4728.9,4730
14320.0,4729.9,4732
14325.0,4731.7,4734
14330.0,4733.8,4735
14335.0,4735.6,4738
14340.0,4737.5,4739
14345.0,4738.8,4741
14350.0,4740.0,4741
14355.0,4741.5,4743
14360.0,4743.3,4746
14365.0,4745.1,4749
14370.0,4746.9,4749
14375.0,4748.7,4750
14380.0,4750.0,4751
14385.0,4751.3,4753
14390.0,4753.1,4754
14395.0,4754.9,4757
14400.0,4756.4,4759
14405.0,4758.2,4760
14410.0,4759.6,4762
14415.0,4761.4,4763
14420.0,4763.2,4765
14425.0,4765.3,4768
14430.0,4767.4,4770
14435.0,4769.2,4770
14440.0,4770.6,4772
14445.0,4772.0,4774
14450.0,4773.8,4775
14455.0,4776.2,4778
14460.0,4778.0,4781
14465.0,4779.4,4781
14470.0,4780.8,4782
14475.0,4782.2,4784
14480.0,4784.2,4785
14485.0,4786.0,4788
14490.0,4787.5,4788
14495.0,4788.9,4790
14500.0,4790.1,4792
14505.0,4791.5,4792
14510.0,4793.4,4795
14515.0,4795.5,4798
14520.0,4797.3,4798
14525.0,4798.7,4800
14530.0,4799.9,4802
14535.0,4801.1,4802
14540.0,4802.8,4805
14545.0,4804.6,4805
14550.0,4806.4,4808
14555.0,4808.4,4810
14560.0,4809.6,4810
14565.0,4811.0,4812
14570.0,4812.6,4815
14575.0,4814.4,4816
14580.0,4816.2,4818
14585.0,4818.3,4820
14590.0,4819.5,4820
14595.0,4820.9,4822
14600.0,4822.4,4825
14605.0,4824.5,4826
14610.0,4826.3,4828
14615.0,4828.6,4832
14620.0,4829.8,4832
14625.0,4831.4,4834
14630.0,4832.6,4834
14635.0,4834.7,4837
14640.0,4837.1,4838
14645.0,4838.6,4840
14650.0,4840.0,4842
14655.0,4841.4,4843
14660.0,4842.4,4844
14665.0,4843.9,4846
14670.0,4845.7,4848
14675.0,4847.6,4850
14680.0,4847.6,4850
14685.0,4847.6,4850
14690.0,4847.6,4850
14695.0,4847.6,4850
14700.0,4847.6,4850
14705.0,4847.6,4850
14710.0,4847.9,4850
14715.0,4849.9,4852
14720.0,4851.9,4855
14725.0,4854.7,4856
14730.0,4857.1,4860
14735.0,4857.5,4860
14740.0,4860.6,4863
14745.0,4864.1,4868
14750.0,4867.0,4869
14755.0,4869.4,4873
14760.0,4871.8,4873
14765.0,4874.6,4877
14770.0,4877.5,4881
14775.0,4881.0,4885
14780.0,4884.3,4886
14785.0,4887.1,4890
14790.0,4889.9,4892
14795.0,4891.4,4892
14800.0,4892.6,4894
14805.0,4894.3,4897
14810.0,4896.4,4897
14815.0,4898.3,4900
14820.0,4899.5,4901
14825.0,4900.7,4902
14830.0,4902.1,4904
14835.0,4903.9,4906
14840.0,4905.7,4907
14845.0,4907.2,4910
14850.0,4908.6,4910
14855.0,4910.0,4911
14860.0,4911.2,4913
14865.0,4912.8,4914
14870.0,4914.6,4918
14875.0,4916.7,4919
14880.0,4918.3,4920
14885.0,4919.7,4922
14890.0,4921.1,4923
14895.0,4922.7,4924
14900.0,4924.8,4927
14905.0,4926.3,4928
14910.0,4928.4,4930
14915.0,4929.6,4931
14920.0,4930.8,4932
14925.0,4932.5,4934
14930.0,4934.6,4937
14935.0,4936.7,4940
14940.0,4938.3,4940
14945.0,4939.7,4942
14950.0,4941.1,4943
14955.0,4942.3,4944
14960.0,4944.3,4946
14965.0,4946.1,4948
14970.0,4948.2,4949
14975.0,4949.6,4951
14980.0,4950.6,4952
14985.0,4951.8,4953
14990.0,4953.6,4955
14995.0,4956.0,4958
15000.0,4957.5,4959
15005.0,4958.7,4960
15010.0,4959.5,4961
15015.0,4961.1,4964
15020.0,4962.6,4965
15025.0,4964.4,4968
15030.0,4966.2,4968
15035.0,4968.0,4971
15040.0,4969.5,4972
15045.0,4971.0,4974
15050.0,4972.8,4977
15055.0,4974.3,4977
15060.0,4976.4,4980
15065.0,4978.2,4980
15070.0,4979.9,4982
15075.0,4981.1,4984
15080.0,4983.1,4986
15085.0,4984.9,4987
15090.0,4987.0,4989
15095.0,4989.3,4992
15100.0,4990.5,4992
15105.0,4991.9,4993
15110.0,4993.5,4996
15115.0,4995.6,4998
15120.0,4997.4,4999
15125.0,4998.8,5000
15130.0,5000.0,5001
15135.0,5001.2,5002
15140.0,5001.2,5002
15145.0,5001.2,5002
15150.0,5001.2,5002
15155.0,5001.2,5002
15160.0,5001.2,5002
15165.0,5001.2,5002
15170.0,5001.2,5002
15175.0,5001.2,5002
15180.0,5001.2,5002
15185.0,5001.4,5003
15190.0,5001.8,5004
15195.0,5003.7,5008
15200.0,5006.2,5009
15205.0,5009.7,5013
15210.0,5012.7,5016
15215.0,5016.2,5021
15220.0,5019.7,5026
15225.0,5022.7,5026
15230.0,5026.7,5031
15235.0,5030.2,5036
15240.0,5032.8,5036
15245.0,5036.8,5041
15250.0,5039.8,5044
15255.0,5043.3,5046
15260.0,5047.3,5051
15265.0,5050.8,5054
15270.0,5053.1,5055
15275.0,5055.4,5057
15280.0,5056.3,5058
15285.0,5058.0,5059
15290.0,5059.4,5060
15295.0,5060.8,5062
15300.0,5062.0,5064
15305.0,5063.9,5066
15310.0,5065.7,5069
15315.0,5067.7,5069
15320.0,5068.9,5071
15325.0,5070.5,5072
15330.0,5071.5,5073
15335.0,5072.9,5075
15340.0,5074.7,5078
15345.0,5077.1,5078
15350.0,5078.8,5080
15355.0,5080.2,5082
15360.0,5081.6,5084
15365.0,5083.1,5084
15370.0,5084.6,5086
15375.0,5087.0,5090
15380.0,5088.3,5090
15385.0,5089.7,5092
15390.0,5090.9,5092
15395.0,5092.2,5094
15400.0,5094.0,5097
15405.0,5095.8,5097
15410.0,5098.0,5100
15415.0,5099.4,5101
15420.0,5100.6,5102
15425.0,5102.0,5104
15430.0,5104.1,5106
15435.0,5106.2,5108
15440.0,5108.3,5110
15445.0,5109.5,5111
15450.0,5110.9,5113
15455.0,5112.1,5114
15460.0,5113.7,5118
15465.0,5115.5,5118
15470.0,5117.6,5119
15475.0,5119.1,5122
15480.0,5120.6,5122
15485.0,5121.8,5124
15490.0,5123.5,5126
15495.0,5125.3,5127
15500.0,5127.1,5129
15505.0,5128.2,5129
15510.0,5129.8,5131
15515.0,5131.2,5133
15520.0,5132.7,5135
15525.0,5134.5,5136
15530.0,5136.3,5138
15535.0,5137.9,5140
15540.0,5139.3,5140
15545.0,5140.7,5142
15550.0,5142.2,5145
15555.0,5144.0,5145
15560.0,5146.4,5148
15565.0,5148.3,5150
15570.0,5149.5,5150
15575.0,5150.7,5152
15580.0,5152.3,5154
15585.0,5153.7,5155
15590.0,5155.8,5158
15595.0,5157.6,5158
15600.0,5158.9,5160
15605.0,5160.3,5162
15610.0,5161.5,5162
15615.0,5163.2,5166
15620.0,5165.3,5168
15625.0,5167.4,5169
15630.0,5168.7,5171
15635.0,5169.9,5171
15640.0,5171.3,5173
15645.0,5172.9,5175
15650.0,5175.0,5177
15655.0,5176.8,5178
15660.0,5178.8,5180
15665.0,5180.0,5181
15670.0,5181.2,5183
15675.0,5182.8,5185
15680.0,5183.1,5185
15685.0,5183.1,5185
15690.0,5183.1,5185
15695.0,5183.1,5185
15700.0,5183.5,5186
15705.0,5183.5,5186
15710.0,5183.5,5186
15715.0,5183.5,5186
15720.0,5183.5,5186
15725.0,5184.0,5187
15730.0,5185.0,5188
15735.0,5187.0,5192
15740.0,5190.5,5192
15745.0,5193.1,5196
15750.0,5196.6,5200
15755.0,5199.6,5202
15760.0,5203.1,5207
15765.0,5206.6,5210
15770.0,5210.6,5212
15775.0,5213.4,5216
15780.0,5216.3,5221
15785.0,5219.3,5222
15790.0,5222.8,5225
15795.0,5226.3,5232
15800.0,5229.8,5232
15805.0,5232.0,5233
15810.0,5233.7,5237
15815.0,5236.1,5239
15820.0,5237.9,5239
15825.0,5239.3,5241
15830.0,5240.5,5241
15835.0,5241.9,5243
15840.0,5243.6,5246
15845.0,5245.7,5248
15850.0,5247.5,5249
15855.0,5248.6,5250
15860.0,5250.0,5251
15865.0,5251.4,5253
15870.0,5253.0,5256
15875.0,5254.8,5256
15880.0,5256.6,5258
15885.0,5258.2,5260
15890.0,5259.0,5260
15895.0,5260.4,5262
15900.0,5261.9,5263
15905.0,5263.7,5266
15910.0,5265.5,5268
15915.0,5267.6,5269
15920.0,5269.0,5270
15925.0,5270.2,5272
15930.0,5271.8,5273
15935.0,5273.9,5276
15940.0,5276.0,5279
15945.0,5277.8,5279
15950.0,5279.5,5281
15955.0,5280.7,5283
15960.0,5282.1,5283
15965.0,5284.0,5286
15970.0,5285.8,5289
15975.0,5287.6,5289
15980.0,5289.2,5291
15985.0,5290.4,5291
15990.0,5291.8,5293
15995.0,5293.5,5296
16000.0,5295.6,5296
16005.0,5297.6,5299
16010.0,5299.0,5300
16015.0,5300.2,5301
16020.0,5301.6,5303
16025.0,5303.3,5305
16030.0,5305.4,5308
16035.0,5306.9,5309
16040.0,5308.5,5311
16045.0,5309.9,5311
16050.0,5311.1,5312
16055.0,5312.5,5316
16060.0,5314.3,5316
16065.0,5316.7,5319
16070.0,5318.2,5320
16075.0,5319.4,5321
16080.0,5320.8,5322
16085.0,5322.2,5325
16090.0,5323.7,5326
16095.0,5325.8,5328
16100.0,5327.9,5329
16105.0,5329.3,5331
16110.0,5330.7,5333
16115.0,5332.0,5333
16120.0,5333.8,5336
16125.0,5335.6,5339
16130.0,5337.4,5339
16135.0,5339.1,5341
16140.0,5340.5,5341
16145.0,5341.9,5343
16150.0,5343.7,5346
16155.0,5345.2,5347
16160.0,5346.7,5350
16165.0,5348.4,5350
16170.0,5349.6,5352
16175.0,5351.1,5353
16180.0,5353.2,5355
16185.0,5355.3,5358
16190.0,5357.4,5359
16195.0,5359.2,5362
16200.0,5360.4,5362
16205.0,5361.6,5364
16210.0,5363.3,5365
16215.0,5365.1,5367
16220.0,5367.2,5369
16225.0,5369.2,5370
16230.0,5370.6,5372
16235.0,5372.0,5374
16240.0,5374.1,5377
16245.0,5375.9,5378
16250.0,5377.6,5380
16255.0,5379.0,5380
16260.0,5380.4,5382
16265.0,5381.6,5383
16270.0,5383.0,5385
16275.0,5384.8,5387
16280.0,5386.6,5389
16285.0,5388.1,5390
16290.0,5389.5,5391
16295.0,5390.9,5392
16300.0,5392.2,5394
16305.0,5394.3,5397
16310.0,5395.8,5397
16315.0,5397.6,5400
16320.0,5399.1,5400
16325.0,5400.5,5402
16330.0,5402.0,5404
16335.0,5404.1,5407
16340.0,5406.2,5408
16345.0,5407.7,5410
16350.0,5409.5,5412
16355.0,5410.7,5412
16360.0,5411.9,5414
16365.0,5413.9,5417
16370.0,5416.0,5418
16375.0,5418.3,5420
16380.0,5419.5,5421
16385.0,5420.9,5422
16390.0,5422.3,5424
16395.0,5423.6,5425
16400.0,5425.7,5428
16405.0,5427.5,5429
16410.0,5428.9,5432
16415.0,5430.1,5432
16420.0,5431.3,5433
16425.0,5432.8,5435
16430.0,5434.6,5437
16435.0,5436.7,5439
16440.0,5438.4,5440
16445.0,5439.6,5442
16450.0,5441.0,5444
16455.0,5442.9,5444
16460.0,5445.0,5447
16465.0,5446.8,5450
16470.0,5448.7,5450
16475.0,5450.1,5452
16480.0,5451.1,5452
16485.0,5452.5,5454
16490.0,5454.6,5457
16495.0,5456.4,5459
16500.0,5458.3,5460
16505.0,5459.5,5462
16510.0,5460.7,5463
16515.0,5462.2,5464
16520.0,5464.3,5466
16525.0,5466.4,5468
16530.0,5468.2,5470
16535.0,5469.6,5471
16540.0,5471.0,5472
16545.0,5472.2,5474
16550.0,5474.4,5477
16555.0,5476.2,5478
16560.0,5478.1,5480
16565.0,5479.3,5482
16570.0,5480.7,5483
16575.0,5482.1,5484
16580.0,5483.8,5485
16585.0,5485.9,5489
16590.0,5487.5,5489
16595.0,5488.7,5491
16600.0,5490.1,5492
16605.0,5491.5,5493
16610.0,5492.9,5496
16615.0,5494.7,5496
16620.0,5496.8,5499
16625.0,5498.2,5500
16630.0,5499.6,5501
16635.0,5501.0,5503
16640.0,5502.4,5505
16645.0,5504.2,5506
16650.0,5506.3,5508
16655.0,5508.1,5510
16660.0,5509.5,5510
16665.0,5510.5,5512
16670.0,5512.2,5514
16675.0,5514.0,5515
16680.0,5514.3,5515
16685.0,5514.3,5515
16690.0,5514.3,5515
16695.0,5514.3,5515
16700.0,5514.3,5515
16705.0,5514.3,5515
16710.0,5514.3,5515
16715.0,5514.3,5515
16720.0,5514.3,5515
16725.0,5514.3,5515
16730.0,5514.3,5515
16735.0,5515.3,5520
16740.0,5515.3,5520
16745.0,5517.1,5520
16750.0,5521.9,5526
16755.0,5524.9,5528
16760.0,5528.4,5533
16765.0,5531.9,5536
16770.0,5535.2,5538
16775.0,5540.0,5544
16780.0,5544.0,5549
16785.0,5547.5,5549
16790.0,5550.0,5554
16795.0,5553.0,5558
16800.0,5556.7,5559
16805.0,5559.7,5565
16810.0,5563.3,5565
16815.0,5567.0,5570
16820.0,5569.3,5572
16825.0,5570.9,5572
16830.0,5572.3,5575
16835.0,5574.4,5577
16840.0,5575.9,5578
16845.0,5577.7,5580
16850.0,5578.8,5580
16855.0,5580.2,5582
16860.0,5581.4,5585
16865.0,5583.2,5585
16870.0,5585.3,5588
16875.0,5587.4,5591
16880.0,5589.3,5591
16885.0,5590.9,5592
16890.0,5592.0,5595
16895.0,5593.8,5595
16900.0,5595.6,5598
16905.0,5597.4,5598
16910.0,5599.5,5601
16915.0,5600.7,5602
16920.0,5602.1,5604
16925.0,5604.2,5606
16930.0,5606.0,5608
16935.0,5607.8,5609
16940.0,5609.0,5611
16945.0,5610.2,5612
16950.0,5611.6,5613
16955.0,5613.4,5616
16960.0,5615.2,5619
16965.0,5617.3,5619
16970.0,5618.8,5620
16975.0,5620.0,5621
16980.0,5621.4,5623
16985.0,5623.4,5625
16990.0,5625.2,5627
16995.0,5627.3,5630
17000.0,5628.9,5630
17005.0,5630.3,5632
17010.0,5631.7,5634
17015.0,5633.3,5635
17020.0,5635.2,5639
17025.0,5636.9,5639
17030.0,5638.5,5642
17035.0,5639.7,5642
17040.0,5641.3,5643
17045.0,5643.0,5646
17050.0,5645.1,5647
17055.0,5646.9,5649
17060.0,5648.4,5649
17065.0,5649.6,5651
17070.0,5650.8,5652
17075.0,5652.3,5654
17080.0,5654.4,5656
17085.0,5656.5,5658
17090.0,5658.4,5659
17095.0,5660.0,5661
17100.0,5661.2,5663
17105.0,5662.8,5665
17110.0,5664.9,5666
17115.0,5666.7,5669
17120.0,5668.2,5670
17125.0,5669.8,5671
17130.0,5671.2,5673
17135.0,5672.4,5675
17140.0,5674.0,5675
17145.0,5675.8,5678
17150.0,5677.6,5678
17155.0,5679.2,5680
17160.0,5680.4,5682
17165.0,5681.4,5682
17170.0,5683.4,5685
17175.0,5684.6,5687
17180.0,5686.4,5688
17185.0,5688.2,5690
17190.0,5689.6,5691
17195.0,5691.0,5692
17200.0,5692.6,5695
17205.0,5694.1,5695
17210.0,5696.2,5698
17215.0,5698.0,5700
17220.0,5699.3,5700
17225.0,5700.7,5702
17230.0,5702.1,5704
17235.0,5704.2,5705
17240.0,5706.0,5708
17245.0,5708.1,5711
17250.0,5709.5,5711
17255.0,5710.9,5712
17260.0,5712.4,5714
17265.0,5714.5,5716
17270.0,5716.0,5719
17275.0,5718.1,5720
17280.0,5719.5,5721
17285.0,5720.7,5723
17290.0,5721.9,5723
17295.0,5724.0,5726
17300.0,5725.8,5729
17305.0,5727.6,5729
17310.0,5728.9,5730
17315.0,5729.9,5731
17320.0,5731.3,5733
17325.0,5733.1,5735
17330.0,5734.9,5736
17335.0,5737.3,5739
17340.0,5738.9,5741
17345.0,5740.3,5742
17350.0,5741.7,5743
17355.0,5743.7,5746
17360.0,5745.5,5747
17365.0,5747.6,5749
17370.0,5748.9,5751
17375.0,5750.3,5752
17380.0,5751.7,5754
17385.0,5753.6,5756
17390.0,5755.4,5757
17395.0,5756.9,5758
17400.0,5758.6,5761
17405.0,5759.6,5761
17410.0,5760.8,5763
17415.0,5762.7,5764
17420.0,5764.5,5767
17425.0,5766.3,5769
17430.0,5768.1,5770
17435.0,5769.4,5771
17440.0,5770.8,5772
17445.0,5772.3,5774
17450.0,5774.4,5777
17455.0,5775.9,5777
17460.0,5777.7,5780
17465.0,5779.3,5780
17470.0,5780.5,5782
17475.0,5781.8,5783
17480.0,5784.2,5786
17485.0,5786.0,5789
17490.0,5787.5,5789
17495.0,5789.3,5790
17500.0,5790.5,5792
17505.0,5792.3,5797
17510.0,5794.1,5797
17515.0,5795.9,5799
17520.0,5798.0,5800
17525.0,5799.6,5802
17530.0,5801.0,5802
17535.0,5802.2,5804
17540.0,5804.0,5807
17545.0,5806.1,5808
17550.0,5807.9,5810
17555.0,5809.5,5811
17560.0,5811.1,5814
17565.0,5812.7,5815
17570.0,5814.5,5818
17575.0,5816.3,5820
17580.0,5818.3,5820
17585.0,5819.7,5822
17590.0,5820.9,5822
17595.0,5822.6,5825
17600.0,5824.4,5827
17605.0,5826.2,5828
17610.0,5828.1,5830
17615.0,5829.5,5832
17620.0,5830.7,5832
17625.0,5832.1,5834
17630.0,5834.1,5836
17635.0,5836.2,5838
17640.0,5837.9,5839
17645.0,5839.1,5841
17650.0,5840.5,5843
17655.0,5841.5,5843
17660.0,5843.7,5847
17665.0,5845.5,5847
17670.0,5847.3,5849
17675.0,5848.9,5852
17680.0,5848.9,5852
17685.0,5848.9,5852
17690.0,5848.9,5852
17695.0,5848.9,5852
17700.0,5848.9,5852
17705.0,5848.9,5852
17710.0,5848.9,5852
17715.0,5848.9,5852
17720.0,5848.9,5852
17725.0,5848.9,5852
17730.0,5848.9,5852
17735.0,5849.4,5853
17740.0,5849.4,5853
17745.0,5849.4,5853
17750.0,5850.9,5854
17755.0,5854.9,5859
17760.0,5859.7,5865
17765.0,5864.3,5866
17770.0,5868.1,5872
17775.0,5871.9,5876
17780.0,5875.4,5877
17785.0,5878.0,5882
17790.0,5881.6,5883
17795.0,5885.8,5889
17800.0,5889.4,5895
17805.0,5893.3,5899
17810.0,5896.3,5899
17815.0,5899.6,5906
17820.0,5903.2,5906
17825.0,5906.2,5909
17830.0,5908.2,5910
17835.0,5909.6,5911
17840.0,5910.8,5913
17845.0,5912.1,5914
17850.0,5914.6,5916
17855.0,5916.3,5918
17860.0,5918.4,5921
17865.0,5919.7,5921
17870.0,5921.1,5923
17875.0,5922.3,5924
17880.0,5923.7,5925
17885.0,5925.5,5929
17890.0,5927.3,5929
17895.0,5928.8,5931
17900.0,5930.0,5932
17905.0,5931.2,5933
17910.0,5933.0,5935
17915.0,5934.8,5937
17920.0,5936.9,5940
17925.0,5938.5,5940
17930.0,5939.7,5940
17935.0,5941.1,5944
17940.0,5942.8,5946
17945.0,5944.9,5947
17950.0,5946.7,5949
17955.0,5948.8,5952
17960.0,5950.3,5952
17965.0,5951.5,5953
17970.0,5953.5,5956
17975.0,5955.3,5957
17980.0,5957.7,5960
17985.0,5959.1,5960
17990.0,5960.1,5962
17995.0,5961.3,5963
18000.0,5963.1,5965
18005.0,5965.2,5968
18010.0,5967.3,5969
18015.0,5968.8,5970
18020.0,5970.0,5972
18025.0,5971.6,5973
18030.0,5973.0,5974
18035.0,5974.8,5977
18040.0,5976.9,5980
18045.0,5978.4,5980
18050.0,5979.8,5981
18055.0,5981.2,5984
18060.0,5982.5,5984
18065.0,5984.6,5987
18070.0,5986.7,5988
18075.0,5988.4,5990
18080.0,5989.4,5992
18085.0,5990.6,5992
18090.0,5991.8,5994
18095.0,5993.6,5996
18100.0,5995.4,5998
18105.0,5997.2,5999
18110.0,5998.9,6002
18115.0,6000.3,6002
18120.0,6001.5,6003
18125.0,6003.3,6005
18130.0,6005.7,6008
18135.0,6007.8,6010
18140.0,6009.2,6011
18145.0,6010.6,6012
18150.0,6012.0,6014
18155.0,6013.8,6016
18160.0,6015.3,6018
18165.0,6017.4,6019
18170.0,6019.0,6022
18175.0,6020.0,6022
18180.0,6021.0,6023
18185.0,6022.7,6025
18190.0,6024.5,6027
18195.0,6024.8,6027
18200.0,6026.6,6029
18205.0,6028.2,6029
18210.0,6029.9,6032
18215.0,6031.7,6033
18220.0,6034.1,6036
18225.0,6036.2,6038
18230.0,6038.3,6040
18235.0,6040.5,6043
18240.0,6041.7,6043
18245.0,6043.6,6046
18250.0,6045.7,6047
18255.0,6047.5,6050
18260.0,6049.5,6051
18265.0,6051.1,6053
18270.0,6052.3,6054
18275.0,6054.2,6056
18280.0,6056.0,6058
18285.0,6057.6,6058
18290.0,6058.8,6060
18295.0,6060.2,6062
18300.0,6061.2,6062
18305.0,6062.4,6064
18310.0,6064.8,6068
18315.0,6066.6,6068
18320.0,6068.0,6070
18325.0,6069.4,6070
18330.0,6070.8,6072
18335.0,6072.2,6074
18340.0,6073.7,6075
18345.0,6076.1,6078
18350.0,6077.6,6080
18355.0,6079.1,6080
18360.0,6080.5,6082
18365.0,6081.7,6084
18370.0,6083.3,6085
18375.0,6085.4,6088
18380.0,6087.5,6090
18385.0,6088.6,6090
18390.0,6089.8,6092
18395.0,6091.2,6092
18400.0,6093.1,6095
18405.0,6094.9,6097
18410.0,6097.0,6098
18415.0,6098.4,6100
18420.0,6099.8,6102
18425.0,6101.2,6102
18430.0,6103.3,6105
18435.0,6105.1,6108
18440.0,6106.9,6108
18445.0,6108.6,6110
18450.0,6110.0,6111
18455.0,6111.4,6112
18460.0,6112.8,6115
18465.0,6114.6,6117
18470.0,6116.7,6118
18475.0,6118.5,6120
18480.0,6119.7,6120
18485.0,6121.1,6122
18490.0,6122.6,6125
18495.0,6124.1,6125
18500.0,6126.5,6128
18505.0,6128.3,6130
18510.0,6129.7,6132
18515.0,6130.9,6132
18520.0,6132.1,6134
18525.0,6134.2,6135
18530.0,6136.3,6138
18535.0,6137.8,6140
18540.0,6139.0,6140
18545.0,6140.4,6142
18550.0,6141.6,6142
18555.0,6143.9,6145
18560.0,6146.0,6148
18565.0,6148.1,6150
18570.0,6149.1,6150
18575.0,6150.5,6152
18580.0,6151.9,6154
18585.0,6153.4,6155
18590.0,6154.9,6158
18595.0,6157.0,6158
18600.0,6158.7,6160
18605.0,6159.9,6161
18610.0,6161.3,6162
18615.0,6163.1,6165
18620.0,6164.9,6168
18625.0,6166.7,6168
18630.0,6168.4,6170
18635.0,6169.6,6172
18640.0,6171.0,6172
18645.0,6172.4,6175
18650.0,6174.2,6178
18655.0,6176.0,6178
18660.0,6177.5,6180
18665.0,6179.2,6180
18670.0,6180.4,6182
18675.0,6181.6,6183
18680.0,6181.9,6185
18685.0,6181.9,6185
18690.0,6181.9,6185
18695.0,6181.9,6185
18700.0,6181.9,6185
18705.0,6181.9,6185
18710.0,6181.9,6185
18715.0,6181.9,6185
18720.0,6181.9,6185
18725.0,6181.9,6185
18730.0,6181.9,6185
18735.0,6181.9,6185
18740.0,6185.4,6187
18745.0,6188.2,6192
18750.0,6192.4,6194
18755.0,6196.7,6199
18760.0,6200.2,6203
18765.0,6203.2,6207
18770.0,6206.7,6209
18775.0,6210.4,6214
18780.0,6214.6,6219
18785.0,6218.2,6220
18790.0,6221.7,6225
18795.0,6224.7,6229
18800.0,6227.7,6229
18805.0,6230.7,6234
18810.0,6234.9,6237
18815.0,6236.7,6238
18820.0,6238.1,6240
18825.0,6239.5,6241
18830.0,6240.9,6242
18835.0,6242.5,6244
18840.0,6244.6,6247
18845.0,6246.7,6248
18850.0,6248.4,6250
18855.0,6250.0,6251
18860.0,6251.2,6254
18865.0,6252.6,6254
18870.0,6254.1,6257
18875.0,6256.2,6258
18880.0,6257.7,6259
18885.0,6258.7,6261
18890.0,6259.7,6261
18895.0,6260.9,6263
18900.0,6262.5,6264
18905.0,6264.0,6266
18910.0,6265.5,6267
18915.0,6267.3,6269
18920.0,6268.6,6270
18925.0,6270.2,6271
18930.0,6271.8,6273
18935.0,6273.9,6276
18940.0,6275.7,6277
18945.0,6277.5,6280
18950.0,6279.6,6281
18955.0,6281.0,6282
18960.0,6281.2,6282
18965.0,6281.2,6282
18970.0,6281.2,6282
18975.0,6281.2,6282
18980.0,6281.2,6282
18985.0,6281.2,6282
18990.0,6281.2,6282
18995.0,6281.2,6282
19000.0,6281.2,6282
19005.0,6281.2,6282
19010.0,6281.2,6282
19015.0,6281.2,6282
19020.0,6281.2,6282
19025.0,6281.3,6282
19030.0,6281.5,6283
19035.0,6282.7,6286
19040.0,6287.5,6293
19045.0,6291.7,6294
19050.0,6295.3,6299
19055.0,6298.8,6303
19060.0,6303.6,6306
19065.0,6307.2,6311
19070.0,6311.4,6317
19075.0,6316.2,6318
19080.0,6319.3,6323
19085.0,6323.0,6328
19090.0,6326.6,6329
19095.0,6330.8,6335
19100.0,6335.6,6340
19105.0,6338.6,6341
19110.0,6341.5,6343
19115.0,6342.9,6346
19120.0,6345.0,6346
19125.0,6346.8,6348
19130.0,6348.3,6350
19135.0,6349.3,6350
19140.0,6350.5,6352
19145.0,6351.8,6353
19150.0,6353.6,6356
19155.0,6355.7,6359
19160.0,6358.1,6359
19165.0,6359.6,6360
19170.0,6360.8,6362
19175.0,6362.3,6366
19180.0,6364.4,6367
19185.0,6366.5,6369
19190.0,6368.5,6372
19195.0,6369.5,6372
19200.0,6370.7,6372
19205.0,6372.3,6374
19210.0,6374.0,6376
19215.0,6376.4,6378
19220.0,6378.0,6379
19225.0,6379.6,6381
19230.0,6380.8,6383
19235.0,6382.2,6384
19240.0,6384.0,6386
19245.0,6385.8,6388
19250.0,6387.7,6390
19255.0,6388.9,6390
19260.0,6390.1,6391
19265.0,6391.1,6392
19270.0,6392.8,6394
19275.0,6394.9,6397
19280.0,6396.4,6398
19285.0,6398.2,6400
19290.0,6399.2,6400
19295.0,6400.4,6402
19300.0,6402.1,6404
19305.0,6404.2,6405
19310.0,6406.3,6408
19315.0,6407.5,6408
19320.0,6409.3,6410
19325.0,6410.7,6412
19330.0,6412.3,6415
19335.0,6414.1,6416
19340.0,6415.9,6418
19345.0,6418.0,6419
19350.0,6419.6,6422
19355.0,6421.0,6422
19360.0,6422.0,6424
19365.0,6424.4,6426
19370.0,6425.9,6428
19375.0,6427.7,6429
19380.0,6429.0,6431
19385.0,6430.0,6431
19390.0,6431.2,6433
19395.0,6433.0,6436
19400.0,6434.8,6437
19405.0,6436.9,6439
19410.0,6438.6,6440
19415.0,6440.0,6442
19420.0,6441.2,6444
19425.0,6443.3,6444
19430.0,6444.8,6446
19435.0,6446.6,6449
19440.0,6448.7,6450
19445.0,6450.0,6452
19450.0,6451.5,6453
19455.0,6453.6,6455
19460.0,6455.4,6457
19465.0,6457.5,6461
19470.0,6459.3,6461
19475.0,6460.5,6462
19480.0,6461.9,6464
19485.0,6463.6,6466
19490.0,6465.4,6469
19495.0,6467.2,6469
19500.0,6469.0,6471
19505.0,6470.2,6473
19510.0,6471.6,6473
19515.0,6473.1,6476
19520.0,6475.2,6478
19525.0,6477.0,6479
19530.0,6478.6,6480
19535.0,6480.0,6482
19540.0,6481.2,6483
19545.0,6483.0,6486
19550.0,6484.8,6487
19555.0,6486.9,6488
19560.0,6488.5,6490
19565.0,6490.1,6492
19570.0,6491.3,6492
19575.0,6492.9,6495
19580.0,6495.0,6498
19585.0,6496.8,6498
19590.0,6498.4,6500
19595.0,6499.8,6501
19600.0,6501.0,6502
19605.0,6502.2,6504
19610.0,6504.3,6505
19615.0,6506.4,6508
19620.0,6508.2,6510
19625.0,6509.0,6510
19630.0,6510.6,6512
19635.0,6511.6,6514
19640.0,6513.3,6516
19645.0,6515.7,6519
19650.0,6517.5,6519
19655.0,6519.1,6521
19660.0,6520.1,6522
19665.0,6521.3,6523
19670.0,6523.3,6526
19675.0,6525.4,6529
19680.0,6525.7,6529
19685.0,6526.0,6529
19690.0,6526.0,6529
19695.0,6526.4,6529
19700.0,6528.8,6531
19705.0,6530.1,6532
19710.0,6532.2,6534
19715.0,6534.3,6535
19720.0,6536.7,6538
19725.0,6539.5,6542
19730.0,6542.3,6546
19735.0,6543.8,6546
19740.0,6545.9,6548
19745.0,6547.4,6549
19750.0,6549.2,6551
19755.0,6551.9,6556
19760.0,6553.9,6556
19765.0,6556.0,6558
19770.0,6557.2,6559
19775.0,6559.3,6561
19780.0,6560.6,6562
19785.0,6562.7,6564
19790.0,6564.8,6567
19795.0,6566.6,6568
19800.0,6568.7,6570
19805.0,6570.2,6572
19810.0,6571.8,6574
19815.0,6573.4,6575
19820.0,6575.0,6576
19825.0,6576.4,6578
19830.0,6577.2,6579
19835.0,6577.9,6579
19840.0,6578.6,6579
19845.0,6579.0,6580
19850.0,6578.8,6579
19855.0,6578.1,6579
19860.0,6577.4,6578
19865.0,6576.7,6577
19870.0,6576.1,6577
19875.0,6575.5,6576
19880.0,6574.9,6576
19885.0,6574.1,6575
19890.0,6573.4,6574
19895.0,6572.7,6573
19900.0,6572.0,6572
19905.0,6571.5,6572
19910.0,6570.8,6571
19915.0,6570.1,6571
19920.0,6569.4,6570
19925.0,6568.7,6569
19930.0,6568.0,6568
19935.0,6567.3,6568
19940.0,6566.6,6567
19945.0,6565.9,6566
19950.0,6565.2,6566
19955.0,6564.5,6565
19960.0,6563.8,6564
19965.0,6563.1,6564
19970.0,6562.5,6563
19975.0,6561.8,6562
19980.0,6561.1,6562
19985.0,6560.4,6561
19990.0,6560.0,6560
19995.0,6559.3,6560
20000.0,6558.5,6559
